close_time,target
2021-01-02 15:59:59.999,1
2021-01-02 23:59:59.999,-1
2021-01-03 08:29:59.999,1
2021-01-04 11:14:59.999,-1
2021-01-06 07:44:59.999,1
2021-01-06 23:44:59.999,1
2021-01-07 22:14:59.999,-1
2021-01-08 13:14:59.999,1
2021-01-10 15:14:59.999,-1
2021-01-11 00:29:59.999,1
2021-01-11 11:14:59.999,1
2021-01-22 21:59:59.999,1
2021-01-23 09:29:59.999,1
2021-01-25 07:29:59.999,1
2021-01-25 15:59:59.999,1
2021-01-27 18:59:59.999,1
2021-01-27 22:59:59.999,1
2021-01-29 12:29:59.999,1
2021-02-01 04:59:59.999,1
2021-02-02 12:44:59.999,1
2021-02-04 11:59:59.999,-1
2021-02-06 03:44:59.999,1
2021-02-08 16:29:59.999,1
2021-02-09 00:29:59.999,1
2021-02-10 15:59:59.999,-1
2021-02-11 16:59:59.999,1
2021-02-14 08:29:59.999,1
2021-02-15 04:44:59.999,-1
2021-02-16 05:14:59.999,1
2021-02-16 15:59:59.999,1
2021-02-17 08:44:59.999,1
2021-02-19 08:44:59.999,1
2021-02-19 17:14:59.999,1
2021-02-20 15:44:59.999,1
2021-02-21 01:44:59.999,-1
2021-02-21 13:44:59.999,1
2021-02-21 22:29:59.999,1
2021-02-22 17:44:59.999,-1
2021-02-23 11:44:59.999,-1
2021-02-23 23:59:59.999,1
2021-02-24 04:29:59.999,1
2021-02-25 02:14:59.999,1
2021-02-25 13:44:59.999,1
2021-02-27 02:14:59.999,1
2021-02-28 01:29:59.999,-1
2021-02-28 23:29:59.999,1
2021-03-01 11:44:59.999,1
2021-03-02 18:29:59.999,-1
2021-03-03 09:44:59.999,1
2021-03-03 16:59:59.999,-1
2021-03-04 04:14:59.999,1
2021-03-04 11:59:59.999,1
2021-03-05 03:59:59.999,-1
2021-03-07 11:44:59.999,1
2021-03-08 00:29:59.999,1
2021-03-09 04:59:59.999,1
2021-03-09 16:59:59.999,1
2021-03-10 05:29:59.999,-1
2021-03-12 17:29:59.999,1
2021-03-13 13:44:59.999,1
2021-03-13 23:14:59.999,1
2021-03-15 08:29:59.999,-1
2021-03-15 12:44:59.999,-1
2021-03-16 03:29:59.999,-1
2021-03-16 10:29:59.999,1
2021-03-17 21:44:59.999,1
2021-03-18 18:59:59.999,1
2021-03-20 16:44:59.999,1
2021-03-20 23:59:59.999,-1
2021-03-21 13:14:59.999,-1
2021-03-21 16:59:59.999,1
2021-03-22 13:44:59.999,1
2021-03-22 22:29:59.999,-1
2021-03-23 08:59:59.999,-1
2021-03-24 10:14:59.999,1
2021-03-24 21:44:59.999,-1
2021-03-25 01:44:59.999,-1
2021-03-25 15:14:59.999,-1
2021-03-26 11:14:59.999,1
2021-03-27 17:44:59.999,1
2021-03-29 09:44:59.999,1
2021-03-30 13:29:59.999,1
2021-03-31 10:14:59.999,1
2021-03-31 23:29:59.999,-1
2021-04-02 04:59:59.999,1
2021-04-03 11:59:59.999,-1
2021-04-05 12:29:59.999,1
2021-04-05 17:44:59.999,1
2021-04-06 03:44:59.999,1
2021-04-07 08:29:59.999,1
2021-04-08 15:59:59.999,1
2021-04-09 13:59:59.999,1
2021-04-10 06:29:59.999,1
2021-04-11 00:14:59.999,-1
2021-04-12 07:14:59.999,1
2021-04-13 11:14:59.999,1
2021-04-14 07:14:59.999,1
2021-04-14 17:14:59.999,-1
2021-04-14 21:29:59.999,-1
2021-04-18 06:59:59.999,-1
2021-04-19 17:44:59.999,-1
2021-04-20 03:14:59.999,-1
2021-04-21 15:59:59.999,1
2021-04-22 20:29:59.999,-1
2021-04-23 04:29:59.999,-1
2021-04-23 13:59:59.999,1
2021-04-26 00:29:59.999,-1
2021-04-26 03:14:59.999,1
2021-04-26 13:29:59.999,1
2021-04-26 20:29:59.999,1
2021-04-27 08:59:59.999,1
2021-04-28 23:44:59.999,-1
2021-04-30 17:14:59.999,1
2021-05-02 07:14:59.999,-1
2021-05-03 03:59:59.999,1
2021-05-03 11:14:59.999,1
2021-05-03 17:29:59.999,-1
2021-05-04 03:59:59.999,-1
2021-05-04 16:59:59.999,-1
2021-05-05 18:29:59.999,1
2021-05-06 13:59:59.999,1
2021-05-06 22:29:59.999,-1
2021-05-07 16:29:59.999,1
2021-05-08 11:14:59.999,1
2021-05-09 15:44:59.999,-1
2021-05-10 19:44:59.999,1
2021-05-10 23:14:59.999,-1
2021-05-13 01:59:59.999,-1
2021-05-13 20:29:59.999,-1
2021-05-17 09:44:59.999,1
2021-05-19 16:14:59.999,-1
2021-05-19 20:14:59.999,1
2021-05-20 19:59:59.999,-1
2021-05-21 02:44:59.999,1
2021-05-21 17:59:59.999,-1
2021-05-24 14:59:59.999,1
2021-05-24 23:29:59.999,1
2021-05-26 09:59:59.999,1
2021-05-27 03:59:59.999,-1
2021-05-27 16:59:59.999,1
2021-05-28 12:44:59.999,-1
2021-05-28 15:59:59.999,1
2021-05-29 02:44:59.999,1
2021-05-29 08:59:59.999,1
2021-05-30 05:44:59.999,1
2021-05-31 09:59:59.999,1
2021-05-31 13:59:59.999,1
2021-06-01 04:59:59.999,-1
2021-06-01 11:59:59.999,-1
2021-06-01 17:14:59.999,1
2021-06-03 07:59:59.999,1
2021-06-04 03:59:59.999,-1
2021-06-04 15:59:59.999,1
2021-06-05 02:59:59.999,1
2021-06-05 13:29:59.999,-1
2021-06-06 00:59:59.999,-1
2021-06-06 18:14:59.999,1
2021-06-08 00:44:59.999,-1
2021-06-08 06:14:59.999,-1
2021-06-08 17:44:59.999,-1
2021-06-09 08:44:59.999,1
2021-06-09 18:59:59.999,1
2021-06-10 13:29:59.999,1
2021-06-12 05:14:59.999,-1
2021-06-12 13:59:59.999,1
2021-06-13 19:59:59.999,1
2021-06-13 23:59:59.999,1
2021-06-14 16:29:59.999,1
2021-06-15 21:44:59.999,1
2021-06-17 19:59:59.999,-1
2021-06-18 21:44:59.999,-1
2021-06-20 13:44:59.999,-1
2021-06-21 10:14:59.999,-1
2021-06-22 04:29:59.999,1
2021-06-22 17:59:59.999,1
2021-06-23 04:14:59.999,1
2021-06-26 10:29:59.999,-1
2021-06-28 01:44:59.999,1
2021-06-28 10:59:59.999,1
2021-06-29 03:14:59.999,1
2021-06-30 06:59:59.999,-1
2021-07-01 05:59:59.999,-1
2021-07-01 10:14:59.999,-1
2021-07-02 10:14:59.999,1
2021-07-03 11:14:59.999,1
2021-07-04 09:29:59.999,1
2021-07-05 01:14:59.999,1
2021-07-05 14:59:59.999,-1
2021-07-05 21:29:59.999,1
2021-07-06 07:59:59.999,1
2021-07-08 01:14:59.999,-1
2021-07-08 11:14:59.999,-1
2021-07-09 16:29:59.999,1
2021-07-10 01:29:59.999,1
2021-07-10 10:14:59.999,0
2021-07-10 13:29:59.999,0
2021-07-10 20:14:59.999,-1
2021-07-11 19:14:59.999,0
2021-07-12 01:14:59.999,1
2021-07-13 15:44:59.999,-1
2021-07-14 06:59:59.999,-1
2021-07-14 12:59:59.999,1
2021-07-14 16:59:59.999,1
2021-07-15 14:14:59.999,-1
2021-07-16 15:59:59.999,1
2021-07-17 12:29:59.999,1
2021-07-18 04:14:59.999,1
2021-07-18 18:29:59.999,-1
2021-07-19 01:14:59.999,0
2021-07-19 04:44:59.999,0
2021-07-19 16:29:59.999,-1
2021-07-19 21:59:59.999,0
2021-07-20 04:59:59.999,-1
2021-07-21 00:44:59.999,0
2021-07-21 08:14:59.999,1
2021-07-21 13:44:59.999,1
2021-07-22 13:29:59.999,-1
2021-07-23 05:29:59.999,1
2021-07-23 14:44:59.999,0
2021-07-24 02:29:59.999,1
2021-07-24 20:14:59.999,1
2021-07-26 03:14:59.999,1
2021-07-26 10:29:59.999,-1
2021-07-26 23:29:59.999,-1
2021-07-28 02:29:59.999,1
2021-07-30 12:29:59.999,-1
2021-07-30 23:14:59.999,1
2021-08-02 02:14:59.999,-1
2021-08-04 14:29:59.999,1
2021-08-05 17:59:59.999,1
2021-08-06 08:44:59.999,1
2021-08-06 18:59:59.999,1
2021-08-09 12:59:59.999,1
2021-08-12 07:44:59.999,-1
2021-08-13 02:59:59.999,1
2021-08-13 10:14:59.999,1
2021-08-13 23:59:59.999,1
2021-08-14 13:29:59.999,-1
2021-08-14 23:29:59.999,-1
2021-08-16 17:14:59.999,-1
2021-08-19 22:14:59.999,1
2021-08-20 17:14:59.999,1
2021-08-21 14:44:59.999,-1
2021-08-25 18:14:59.999,1
2021-08-26 06:59:59.999,-1
2021-08-27 17:44:59.999,1
2021-08-28 00:14:59.999,1
2021-08-29 04:44:59.999,1
2021-08-31 01:59:59.999,-1
2021-08-31 10:59:59.999,1
2021-09-01 20:29:59.999,1
2021-09-02 05:14:59.999,1
2021-09-03 04:29:59.999,-1
2021-09-03 12:44:59.999,1
2021-09-05 22:59:59.999,1
2021-09-07 11:59:59.999,-1
2021-09-07 17:44:59.999,-1
2021-09-12 11:29:59.999,1
2021-09-13 00:14:59.999,-1
2021-09-13 17:29:59.999,-1
2021-09-14 10:29:59.999,1
2021-09-14 16:29:59.999,1
2021-09-16 07:29:59.999,1
2021-09-17 21:44:59.999,-1
2021-09-19 14:59:59.999,-1
2021-09-20 06:14:59.999,-1
2021-09-20 11:14:59.999,-1
2021-09-21 02:44:59.999,-1
2021-09-23 20:59:59.999,1
2021-09-24 10:59:59.999,1
2021-09-26 11:29:59.999,-1
2021-09-27 04:29:59.999,1
2021-09-28 03:14:59.999,-1
2021-09-28 17:14:59.999,-1
2021-09-30 04:14:59.999,1
2021-10-01 11:14:59.999,1
2021-10-01 14:14:59.999,1
2021-10-03 03:14:59.999,-1
2021-10-03 21:44:59.999,1
2021-10-06 15:59:59.999,1
2021-10-08 10:59:59.999,1
2021-10-10 06:29:59.999,1
2021-10-10 23:59:59.999,-1
2021-10-11 04:29:59.999,1
2021-10-12 09:44:59.999,1
2021-10-12 23:44:59.999,-1
2021-10-13 18:14:59.999,1
2021-10-14 04:44:59.999,1
2021-10-14 22:29:59.999,1
2021-10-15 06:14:59.999,1
2021-10-15 19:29:59.999,1
2021-10-16 00:14:59.999,1
2021-10-16 16:29:59.999,-1
2021-10-17 23:14:59.999,-1
2021-10-18 17:14:59.999,1
2021-10-19 06:59:59.999,1
2021-10-20 15:59:59.999,1
2021-10-21 11:14:59.999,1
2021-10-22 17:14:59.999,-1
2021-10-23 14:59:59.999,1
2021-10-25 04:29:59.999,1
2021-10-25 11:14:59.999,1
2021-10-26 11:59:59.999,1
2021-10-27 01:29:59.999,-1
2021-10-27 08:14:59.999,1
2021-10-28 11:59:59.999,1
2021-10-28 22:29:59.999,-1
2021-10-29 04:44:59.999,1
2021-10-29 18:59:59.999,1
2021-10-31 02:44:59.999,1
2021-11-01 05:29:59.999,-1
2021-11-01 10:59:59.999,1
2021-11-02 13:14:59.999,1
2021-11-03 15:59:59.999,-1
2021-11-03 21:59:59.999,1
2021-11-05 05:29:59.999,1
2021-11-07 04:44:59.999,1
2021-11-08 03:44:59.999,1
2021-11-08 18:59:59.999,1
2021-11-09 02:29:59.999,1
2021-11-09 07:29:59.999,1
2021-11-10 17:29:59.999,1
2021-11-10 21:59:59.999,-1
2021-11-13 17:59:59.999,1
2021-11-15 02:59:59.999,1
2021-11-16 03:44:59.999,-1
2021-11-16 12:59:59.999,-1
2021-11-17 14:29:59.999,1
2021-11-19 11:59:59.999,1
2021-11-20 22:14:59.999,1
2021-11-22 17:29:59.999,1
2021-11-23 12:29:59.999,1
2021-11-26 11:29:59.999,-1
2021-11-28 22:44:59.999,1
2021-11-29 20:29:59.999,1
2021-11-30 19:29:59.999,-1
2021-12-01 15:29:59.999,1
2021-12-03 17:29:59.999,-1
2021-12-03 22:59:59.999,-1
2021-12-04 08:29:59.999,-1
2021-12-06 15:29:59.999,1
2021-12-07 00:44:59.999,1
2021-12-07 18:29:59.999,1
2021-12-08 14:29:59.999,-1
2021-12-08 18:14:59.999,1
2021-12-10 17:29:59.999,1
2021-12-12 14:14:59.999,1
2021-12-13 04:14:59.999,-1
2021-12-13 16:29:59.999,-1
2021-12-14 23:59:59.999,1
2021-12-15 21:59:59.999,1
2021-12-17 19:14:59.999,1
2021-12-19 05:44:59.999,1
2021-12-23 20:44:59.999,1
2021-12-27 21:59:59.999,-1
2021-12-28 07:59:59.999,-1
2021-12-28 19:44:59.999,-1
2021-12-29 15:59:59.999,-1
2021-12-30 02:44:59.999,-1
2021-12-31 11:44:59.999,1
2022-01-01 09:14:59.999,1
2022-01-01 19:29:59.999,1
2022-01-05 23:29:59.999,-1
2022-01-07 07:14:59.999,-1
2022-01-07 17:29:59.999,-1
2022-01-09 00:14:59.999,1
2022-01-09 22:59:59.999,1
2022-01-10 18:14:59.999,1
2022-01-11 19:44:59.999,1
2022-01-12 15:29:59.999,1
2022-01-13 18:59:59.999,-1
2022-01-14 18:29:59.999,1
2022-01-16 07:44:59.999,0
2022-01-18 02:14:59.999,1
2022-01-19 00:44:59.999,1
2022-01-19 07:29:59.999,-1
2022-01-19 14:44:59.999,1
2022-01-20 06:14:59.999,0
2022-01-20 09:29:59.999,0
2022-01-20 12:44:59.999,0
2022-01-20 17:29:59.999,1
2022-01-21 00:59:59.999,-1
2022-01-21 05:29:59.999,-1
2022-01-22 00:59:59.999,-1
2022-01-24 02:44:59.999,1
2022-01-24 12:44:59.999,-1
2022-01-24 19:14:59.999,1
2022-01-26 23:29:59.999,-1
2022-01-27 04:59:59.999,-1
2022-01-28 01:14:59.999,1
2022-01-28 23:29:59.999,1
2022-01-31 02:44:59.999,1
2022-01-31 17:14:59.999,1
2022-02-02 18:29:59.999,-1
2022-02-03 00:59:59.999,-1
2022-02-03 08:14:59.999,0
2022-02-04 00:59:59.999,1
2022-02-04 08:59:59.999,1
2022-02-04 17:59:59.999,1
2022-02-05 03:29:59.999,1
2022-02-05 13:44:59.999,0
2022-02-06 02:44:59.999,0
2022-02-06 05:59:59.999,0
2022-02-06 18:29:59.999,-1
2022-02-07 02:59:59.999,1
2022-02-07 18:29:59.999,1
2022-02-08 09:29:59.999,1
2022-02-08 23:29:59.999,1
2022-02-10 17:14:59.999,-1
2022-02-11 22:29:59.999,-1
2022-02-12 19:29:59.999,1
2022-02-13 01:14:59.999,-1
2022-02-15 01:44:59.999,1
2022-02-15 05:14:59.999,1
2022-02-16 22:29:59.999,1
2022-02-17 12:14:59.999,-1
2022-02-17 17:14:59.999,-1
2022-02-17 21:44:59.999,-1
2022-02-19 07:59:59.999,0
2022-02-20 02:14:59.999,0
2022-02-20 09:44:59.999,-1
2022-02-21 01:44:59.999,1
2022-02-21 14:14:59.999,-1
2022-02-23 11:59:59.999,1
2022-02-24 06:44:59.999,-1
2022-02-24 22:29:59.999,1
2022-02-27 17:14:59.999,-1
2022-02-27 23:14:59.999,-1
2022-02-28 17:59:59.999,1
2022-03-01 02:14:59.999,1
2022-03-01 14:29:59.999,1
2022-03-02 17:44:59.999,1
2022-03-03 18:29:59.999,-1
2022-03-04 22:14:59.999,-1
2022-03-06 02:44:59.999,0
2022-03-06 11:59:59.999,-1
2022-03-07 20:29:59.999,-1
2022-03-09 06:59:59.999,1
2022-03-10 05:29:59.999,-1
2022-03-10 08:14:59.999,-1
2022-03-10 17:29:59.999,-1
2022-03-11 15:14:59.999,1
2022-03-12 09:44:59.999,0
2022-03-12 12:59:59.999,0
2022-03-13 10:29:59.999,0
2022-03-14 02:14:59.999,-1
2022-03-15 01:59:59.999,1
2022-03-15 10:59:59.999,-1
2022-03-16 05:44:59.999,1
2022-03-18 19:29:59.999,1
2022-03-19 10:44:59.999,0
2022-03-19 13:59:59.999,0
2022-03-20 09:29:59.999,0
2022-03-22 05:59:59.999,1
2022-03-24 17:29:59.999,1
2022-03-25 03:44:59.999,0
2022-03-25 14:29:59.999,1
2022-03-26 10:14:59.999,0
2022-03-26 13:29:59.999,0
2022-03-26 16:44:59.999,0
2022-03-27 11:44:59.999,0
2022-03-28 00:29:59.999,1
2022-03-31 07:29:59.999,0
2022-03-31 10:44:59.999,0
2022-03-31 16:59:59.999,-1
2022-04-01 04:44:59.999,-1
2022-04-01 16:29:59.999,1
2022-04-02 04:29:59.999,1
2022-04-02 21:59:59.999,-1
2022-04-04 00:59:59.999,1
2022-04-04 22:29:59.999,1
2022-04-05 16:29:59.999,-1
2022-04-06 03:44:59.999,-1
2022-04-06 17:29:59.999,-1
2022-04-08 17:59:59.999,1
2022-04-09 12:29:59.999,0
2022-04-09 15:44:59.999,0
2022-04-09 18:59:59.999,0
2022-04-09 22:14:59.999,0
2022-04-10 08:59:59.999,0
2022-04-10 20:59:59.999,1
2022-04-11 01:44:59.999,-1
2022-04-11 12:59:59.999,-1
2022-04-13 17:14:59.999,1
2022-04-14 03:14:59.999,0
2022-04-14 06:29:59.999,0
2022-04-14 09:44:59.999,0
2022-04-14 17:29:59.999,-1
2022-04-15 18:29:59.999,1
2022-04-16 00:14:59.999,0
2022-04-16 03:29:59.999,0
2022-04-16 06:44:59.999,0
2022-04-16 09:59:59.999,0
2022-04-16 13:14:59.999,0
2022-04-16 18:59:59.999,-1
2022-04-17 05:14:59.999,0
2022-04-17 08:29:59.999,0
2022-04-17 11:44:59.999,0
2022-04-18 02:29:59.999,-1
2022-04-18 07:59:59.999,-1
2022-04-18 20:14:59.999,1
2022-04-19 09:29:59.999,0
2022-04-19 17:14:59.999,1
2022-04-20 14:14:59.999,1
2022-04-21 13:59:59.999,1
2022-04-21 19:14:59.999,-1
2022-04-21 23:29:59.999,-1
2022-04-22 17:29:59.999,-1
2022-04-23 03:14:59.999,0
2022-04-23 06:29:59.999,0
2022-04-23 09:44:59.999,0
2022-04-24 03:29:59.999,-1
2022-04-24 08:59:59.999,0
2022-04-24 12:14:59.999,0
2022-04-25 03:59:59.999,-1
2022-04-25 15:14:59.999,1
2022-04-25 22:14:59.999,1
2022-04-26 07:14:59.999,0
2022-04-26 10:29:59.999,0
2022-04-26 16:29:59.999,-1
2022-04-27 09:59:59.999,1
2022-04-28 16:44:59.999,-1
2022-04-29 12:14:59.999,-1
2022-04-30 09:59:59.999,0
2022-04-30 13:14:59.999,0
2022-04-30 21:59:59.999,0
2022-05-01 02:44:59.999,-1
2022-05-01 14:29:59.999,0
2022-05-01 19:14:59.999,1
2022-05-03 06:44:59.999,0
2022-05-03 09:59:59.999,0
2022-05-03 13:14:59.999,0
2022-05-04 09:44:59.999,1
2022-05-04 22:29:59.999,1
2022-05-05 04:29:59.999,0
2022-05-05 07:44:59.999,0
2022-05-05 11:59:59.999,0
2022-05-05 17:14:59.999,-1
2022-05-05 18:14:59.999,-1
2022-05-07 00:59:59.999,0
2022-05-07 04:14:59.999,0
2022-05-07 07:29:59.999,0
2022-05-07 10:59:59.999,0
2022-05-07 14:14:59.999,0
2022-05-07 17:29:59.999,0
2022-05-08 00:59:59.999,-1
2022-05-09 17:44:59.999,-1
2022-05-10 07:59:59.999,1
2022-05-11 05:59:59.999,1
2022-05-11 16:29:59.999,-1
2022-05-14 09:29:59.999,0
2022-05-14 19:59:59.999,1
2022-05-15 14:44:59.999,1
2022-05-15 22:29:59.999,1
2022-05-16 04:14:59.999,-1
2022-05-16 09:44:59.999,-1
2022-05-19 13:44:59.999,1
2022-05-20 17:59:59.999,-1
2022-05-22 01:14:59.999,0
2022-05-22 04:29:59.999,0
2022-05-22 07:44:59.999,0
2022-05-22 13:29:59.999,1
2022-05-23 22:44:59.999,-1
2022-05-24 05:29:59.999,0
2022-05-24 09:14:59.999,0
2022-05-24 12:29:59.999,0
2022-05-24 17:44:59.999,-1
2022-05-25 05:44:59.999,1
2022-05-26 04:44:59.999,0
2022-05-26 11:59:59.999,-1
2022-05-28 10:44:59.999,0
2022-05-28 13:59:59.999,0
2022-05-28 17:44:59.999,0
2022-05-28 20:59:59.999,0
2022-05-29 00:14:59.999,0
2022-05-29 03:29:59.999,0
2022-05-29 06:44:59.999,0
2022-05-29 10:29:59.999,0
2022-05-30 04:59:59.999,1
2022-05-30 23:59:59.999,1
2022-05-31 07:29:59.999,0
2022-05-31 10:59:59.999,0
2022-06-01 17:29:59.999,-1
2022-06-02 08:29:59.999,0
2022-06-03 05:29:59.999,0
2022-06-03 09:14:59.999,0
2022-06-03 13:59:59.999,-1
2022-06-04 02:44:59.999,0
2022-06-04 13:29:59.999,0
2022-06-04 18:14:59.999,1
2022-06-05 00:14:59.999,0
2022-06-05 03:29:59.999,0
2022-06-05 06:44:59.999,0
2022-06-05 09:59:59.999,0
2022-06-05 13:14:59.999,0
2022-06-05 18:14:59.999,1
2022-06-06 04:29:59.999,1
2022-06-07 03:59:59.999,-1
2022-06-07 11:14:59.999,0
2022-06-07 22:59:59.999,1
2022-06-08 07:14:59.999,-1
2022-06-08 16:59:59.999,1
2022-06-10 16:29:59.999,-1
2022-06-10 20:14:59.999,-1
2022-06-11 02:44:59.999,0
2022-06-11 06:59:59.999,0
2022-06-11 12:29:59.999,-1
2022-06-12 06:14:59.999,-1
2022-06-12 18:14:59.999,1
2022-06-13 02:14:59.999,-1
2022-06-13 07:29:59.999,1
2022-06-13 15:59:59.999,-1
2022-06-13 19:14:59.999,1
2022-06-14 04:14:59.999,-1
2022-06-18 10:44:59.999,-1
2022-06-19 00:44:59.999,1
2022-06-19 12:14:59.999,1
2022-06-20 11:44:59.999,1
2022-06-23 22:59:59.999,1
2022-06-25 03:44:59.999,0
2022-06-26 04:44:59.999,0
2022-06-26 07:59:59.999,0
2022-06-27 17:29:59.999,-1
2022-06-27 23:14:59.999,0
2022-06-28 02:29:59.999,0
2022-06-28 06:14:59.999,0
2022-06-28 17:44:59.999,-1
2022-06-29 03:29:59.999,0
2022-06-30 00:44:59.999,0
2022-06-30 10:14:59.999,-1
2022-07-01 03:44:59.999,1
2022-07-01 07:44:59.999,-1
2022-07-01 14:29:59.999,-1
2022-07-02 10:14:59.999,0
2022-07-02 21:59:59.999,0
2022-07-03 01:14:59.999,0
2022-07-03 04:29:59.999,0
2022-07-03 08:44:59.999,-1
2022-07-03 11:59:59.999,0
2022-07-03 15:14:59.999,0
2022-07-03 18:29:59.999,0
2022-07-04 07:44:59.999,0
2022-07-04 13:14:59.999,1
2022-07-05 01:29:59.999,1
2022-07-05 07:29:59.999,0
2022-07-05 10:59:59.999,-1
2022-07-05 22:29:59.999,1
2022-07-06 14:44:59.999,0
2022-07-06 17:59:59.999,0
2022-07-07 03:44:59.999,0
2022-07-07 08:59:59.999,0
2022-07-07 12:59:59.999,0
2022-07-07 17:29:59.999,1
2022-07-07 22:14:59.999,1
2022-07-08 05:14:59.999,1
2022-07-08 17:59:59.999,1
2022-07-09 10:14:59.999,0
2022-07-10 11:44:59.999,0
2022-07-11 10:44:59.999,0
2022-07-11 13:59:59.999,0
2022-07-11 17:29:59.999,0
2022-07-11 20:44:59.999,0
2022-07-12 00:14:59.999,-1
2022-07-12 15:29:59.999,0
2022-07-12 22:44:59.999,-1
2022-07-13 04:59:59.999,0
2022-07-13 11:29:59.999,1
2022-07-13 16:14:59.999,-1
2022-07-13 20:29:59.999,1
2022-07-14 02:59:59.999,1
2022-07-14 18:29:59.999,1
2022-07-15 16:44:59.999,0
2022-07-16 08:59:59.999,0
2022-07-16 12:14:59.999,0
2022-07-16 19:59:59.999,1
2022-07-18 08:59:59.999,1
2022-07-19 02:29:59.999,1
2022-07-19 18:14:59.999,1
2022-07-20 19:59:59.999,-1
2022-07-22 18:59:59.999,-1
2022-07-22 23:29:59.999,-1
2022-07-23 20:59:59.999,0
2022-07-25 02:29:59.999,-1
2022-07-25 11:44:59.999,0
2022-07-25 14:59:59.999,0
2022-07-25 18:14:59.999,0
2022-07-25 23:29:59.999,1
2022-07-26 03:44:59.999,-1
2022-07-26 09:14:59.999,0
2022-07-26 12:29:59.999,0
2022-07-26 19:44:59.999,0
2022-07-27 06:44:59.999,0
2022-07-27 12:14:59.999,0
2022-07-27 15:29:59.999,0
2022-07-27 21:59:59.999,1
2022-07-28 06:29:59.999,1
2022-07-28 18:29:59.999,1
2022-07-29 17:14:59.999,1
2022-07-30 09:14:59.999,0
2022-07-30 15:14:59.999,1
2022-07-30 23:29:59.999,-1
2022-07-31 07:29:59.999,0
2022-07-31 10:44:59.999,0
2022-07-31 13:59:59.999,0
2022-07-31 17:14:59.999,0
2022-07-31 21:59:59.999,1
2022-08-01 01:29:59.999,-1
2022-08-01 06:44:59.999,0
2022-08-02 10:29:59.999,0
2022-08-03 17:29:59.999,0
2022-08-03 20:44:59.999,0
2022-08-04 02:14:59.999,-1
2022-08-04 15:44:59.999,0
2022-08-05 05:29:59.999,1
2022-08-05 10:59:59.999,0
2022-08-06 06:29:59.999,0
2022-08-06 09:44:59.999,0
2022-08-06 12:59:59.999,0
2022-08-06 16:14:59.999,0
2022-08-06 19:29:59.999,0
2022-08-07 03:14:59.999,-1
2022-08-07 10:14:59.999,0
2022-08-07 13:29:59.999,0
2022-08-07 16:59:59.999,0
2022-08-07 20:14:59.999,0
2022-08-07 23:44:59.999,0
2022-08-08 02:59:59.999,0
2022-08-08 09:14:59.999,1
2022-08-09 06:29:59.999,0
2022-08-09 13:14:59.999,-1
2022-08-09 23:14:59.999,0
2022-08-10 03:59:59.999,-1
2022-08-10 11:14:59.999,0
2022-08-10 16:29:59.999,1
2022-08-11 00:14:59.999,1
2022-08-11 04:29:59.999,1
2022-08-12 09:29:59.999,0
2022-08-12 15:14:59.999,0
2022-08-13 15:44:59.999,0
2022-08-13 19:59:59.999,0
2022-08-13 23:14:59.999,0
2022-08-14 02:29:59.999,0
2022-08-14 05:59:59.999,0
2022-08-14 22:59:59.999,0
2022-08-15 05:14:59.999,1
2022-08-15 09:59:59.999,-1
2022-08-16 12:44:59.999,0
2022-08-17 03:59:59.999,0
2022-08-17 09:59:59.999,1
2022-08-18 04:59:59.999,0
2022-08-18 08:14:59.999,0
2022-08-18 11:44:59.999,0
2022-08-18 14:59:59.999,0
2022-08-18 20:44:59.999,0
2022-08-19 02:44:59.999,-1
2022-08-19 10:14:59.999,-1
2022-08-19 19:14:59.999,0
2022-08-20 10:14:59.999,0
2022-08-20 13:29:59.999,0
2022-08-20 16:44:59.999,0
2022-08-20 19:59:59.999,0
2022-08-21 06:29:59.999,0
2022-08-21 17:29:59.999,0
2022-08-22 20:59:59.999,-1
2022-08-23 10:29:59.999,1
2022-08-23 16:29:59.999,0
2022-08-23 19:44:59.999,0
2022-08-23 22:59:59.999,0
2022-08-24 08:14:59.999,0
2022-08-24 11:29:59.999,0
2022-08-24 14:59:59.999,0
2022-08-24 18:59:59.999,1
2022-08-25 04:59:59.999,0
2022-08-25 12:29:59.999,0
2022-08-25 15:44:59.999,0
2022-08-25 19:14:59.999,0
2022-08-25 22:29:59.999,0
2022-08-26 01:44:59.999,0
2022-08-26 04:59:59.999,0
2022-08-26 14:59:59.999,-1
2022-08-26 17:59:59.999,-1
2022-08-27 02:59:59.999,-1
2022-08-27 14:29:59.999,0
2022-08-27 18:29:59.999,-1
2022-08-27 21:44:59.999,0
2022-08-28 00:59:59.999,0
2022-08-28 04:14:59.999,0
2022-08-28 07:29:59.999,0
2022-08-28 10:44:59.999,0
2022-08-28 13:59:59.999,0
2022-08-28 17:14:59.999,0
2022-08-28 20:29:59.999,0
2022-08-29 02:44:59.999,-1
2022-08-29 08:59:59.999,0
2022-08-29 16:14:59.999,1
2022-08-29 21:59:59.999,0
2022-08-30 01:14:59.999,0
2022-08-30 07:14:59.999,1
2022-08-30 11:29:59.999,0
2022-08-30 17:44:59.999,-1
2022-08-31 05:29:59.999,1
2022-08-31 11:44:59.999,0
2022-08-31 15:29:59.999,0
2022-09-01 10:29:59.999,0
2022-09-01 13:44:59.999,0
2022-09-02 04:29:59.999,0
2022-09-02 07:44:59.999,0
2022-09-02 10:59:59.999,0
2022-09-02 20:14:59.999,-1
2022-09-03 02:44:59.999,0
2022-09-03 05:59:59.999,0
2022-09-03 09:14:59.999,0
2022-09-03 12:29:59.999,0
2022-09-03 15:44:59.999,0
2022-09-03 18:59:59.999,0
2022-09-03 22:14:59.999,0
2022-09-04 01:29:59.999,0
2022-09-04 04:44:59.999,0
2022-09-04 07:59:59.999,0
2022-09-04 11:14:59.999,0
2022-09-04 15:14:59.999,0
2022-09-04 18:29:59.999,0
2022-09-04 23:14:59.999,0
2022-09-05 02:29:59.999,0
2022-09-05 05:44:59.999,0
2022-09-05 09:44:59.999,0
2022-09-05 12:59:59.999,0
2022-09-05 16:14:59.999,0
2022-09-05 19:44:59.999,0
2022-09-05 23:14:59.999,0
2022-09-06 03:59:59.999,1
2022-09-06 10:59:59.999,0
2022-09-06 14:14:59.999,0
2022-09-06 20:59:59.999,-1
2022-09-07 06:29:59.999,0
2022-09-07 09:59:59.999,0
2022-09-07 13:14:59.999,0
2022-09-08 00:14:59.999,1
2022-09-08 05:44:59.999,0
2022-09-08 09:14:59.999,0
2022-09-08 12:29:59.999,0
2022-09-08 23:44:59.999,0
2022-09-09 07:14:59.999,1
2022-09-09 22:59:59.999,0
2022-09-10 02:14:59.999,0
2022-09-10 15:59:59.999,0
2022-09-10 19:14:59.999,0
2022-09-11 03:59:59.999,0
2022-09-11 07:14:59.999,0
2022-09-11 10:44:59.999,0
2022-09-11 13:59:59.999,0
2022-09-11 17:14:59.999,0
2022-09-11 20:29:59.999,0
2022-09-12 05:14:59.999,1
2022-09-13 16:29:59.999,-1
2022-09-14 05:29:59.999,0
2022-09-14 08:44:59.999,0
2022-09-14 11:59:59.999,0
2022-09-15 01:14:59.999,1
2022-09-15 10:44:59.999,0
2022-09-15 18:14:59.999,-1
2022-09-16 01:29:59.999,0
2022-09-16 04:44:59.999,0
2022-09-16 07:59:59.999,0
2022-09-16 11:14:59.999,0
2022-09-17 03:44:59.999,1
2022-09-17 06:59:59.999,0
2022-09-17 10:14:59.999,0
2022-09-17 13:29:59.999,0
2022-09-17 19:29:59.999,1
2022-09-17 22:44:59.999,0
2022-09-18 01:59:59.999,0
2022-09-18 05:59:59.999,0
2022-09-18 13:14:59.999,-1
2022-09-19 00:59:59.999,-1
2022-09-19 06:14:59.999,-1
2022-09-19 09:44:59.999,-1
2022-09-19 14:14:59.999,1
2022-09-19 22:29:59.999,1
2022-09-21 01:14:59.999,0
2022-09-21 04:59:59.999,0
2022-09-21 08:29:59.999,0
2022-09-21 11:44:59.999,0
2022-09-21 21:29:59.999,1
2022-09-23 03:44:59.999,0
2022-09-23 06:59:59.999,0
2022-09-24 01:29:59.999,1
2022-09-24 08:14:59.999,0
2022-09-24 11:59:59.999,0
2022-09-24 15:29:59.999,0
2022-09-24 18:44:59.999,0
2022-09-24 21:59:59.999,0
2022-09-25 01:14:59.999,-1
2022-09-25 04:29:59.999,0
2022-09-25 07:44:59.999,0
2022-09-25 10:59:59.999,0
2022-09-25 14:14:59.999,0
2022-09-25 17:29:59.999,0
2022-09-25 20:44:59.999,0
2022-09-25 23:59:59.999,0
2022-09-26 03:14:59.999,0
2022-09-26 06:29:59.999,0
2022-09-26 10:59:59.999,1
2022-09-26 16:29:59.999,1
2022-09-26 22:29:59.999,0
2022-09-27 03:14:59.999,1
2022-09-27 06:44:59.999,1
2022-09-27 12:29:59.999,0
2022-09-27 19:14:59.999,-1
2022-09-28 04:29:59.999,-1
2022-09-29 06:59:59.999,0
2022-09-29 10:44:59.999,0
2022-09-30 03:14:59.999,0
2022-09-30 06:44:59.999,0
2022-09-30 11:14:59.999,0
2022-09-30 17:29:59.999,1
2022-10-01 05:14:59.999,0
2022-10-01 08:44:59.999,0
2022-10-01 11:59:59.999,0
2022-10-01 15:14:59.999,0
2022-10-01 18:29:59.999,0
2022-10-01 21:59:59.999,0
2022-10-02 01:14:59.999,0
2022-10-02 04:29:59.999,0
2022-10-02 07:44:59.999,0
2022-10-02 10:59:59.999,0
2022-10-02 15:14:59.999,0
2022-10-02 18:29:59.999,0
2022-10-03 08:29:59.999,0
2022-10-03 11:44:59.999,0
2022-10-03 17:59:59.999,1
2022-10-03 23:59:59.999,0
2022-10-04 03:14:59.999,0
2022-10-04 06:29:59.999,0
2022-10-04 10:14:59.999,1
2022-10-04 16:59:59.999,0
2022-10-04 21:44:59.999,1
2022-10-05 05:44:59.999,0
2022-10-05 08:59:59.999,0
2022-10-05 12:14:59.999,0
2022-10-05 18:29:59.999,1
2022-10-06 00:14:59.999,0
2022-10-06 06:44:59.999,0
2022-10-07 01:29:59.999,0
2022-10-07 04:44:59.999,0
2022-10-07 08:44:59.999,0
2022-10-07 16:29:59.999,-1
2022-10-08 02:59:59.999,0
2022-10-08 06:14:59.999,0
2022-10-08 09:29:59.999,0
2022-10-08 12:44:59.999,0
2022-10-08 15:59:59.999,0
2022-10-08 19:14:59.999,0
2022-10-08 22:29:59.999,0
2022-10-09 01:44:59.999,0
2022-10-09 04:59:59.999,0
2022-10-09 08:14:59.999,0
2022-10-09 14:29:59.999,1
2022-10-09 17:44:59.999,0
2022-10-09 22:59:59.999,-1
2022-10-10 02:14:59.999,0
2022-10-10 05:29:59.999,0
2022-10-10 08:44:59.999,0
2022-10-10 11:59:59.999,-1
2022-10-10 15:29:59.999,0
2022-10-10 19:29:59.999,0
2022-10-11 01:59:59.999,-1
2022-10-11 07:29:59.999,0
2022-10-11 10:44:59.999,0
2022-10-11 15:44:59.999,1
2022-10-11 19:14:59.999,0
2022-10-11 22:44:59.999,0
2022-10-12 01:59:59.999,0
2022-10-12 05:14:59.999,0
2022-10-12 08:29:59.999,0
2022-10-12 11:44:59.999,0
2022-10-12 14:59:59.999,0
2022-10-12 18:14:59.999,0
2022-10-12 21:29:59.999,0
2022-10-13 00:44:59.999,0
2022-10-13 04:29:59.999,0
2022-10-13 07:44:59.999,0
2022-10-13 14:14:59.999,-1
2022-10-13 16:14:59.999,-1
2022-10-13 18:59:59.999,1
2022-10-14 05:14:59.999,1
2022-10-14 11:59:59.999,0
2022-10-14 16:29:59.999,1
2022-10-15 01:14:59.999,0
2022-10-15 04:29:59.999,0
2022-10-15 07:44:59.999,0
2022-10-15 10:59:59.999,0
2022-10-15 14:14:59.999,0
2022-10-15 17:29:59.999,0
2022-10-15 20:44:59.999,0
2022-10-15 23:59:59.999,0
2022-10-16 03:14:59.999,0
2022-10-16 06:29:59.999,0
2022-10-16 09:44:59.999,0
2022-10-16 12:59:59.999,0
2022-10-16 16:14:59.999,0
2022-10-16 23:29:59.999,1
2022-10-17 07:29:59.999,0
2022-10-17 10:44:59.999,0
2022-10-17 17:44:59.999,0
2022-10-17 20:59:59.999,0
2022-10-18 00:14:59.999,0
2022-10-18 03:29:59.999,0
2022-10-18 06:44:59.999,0
2022-10-18 10:14:59.999,0
2022-10-18 13:29:59.999,0
2022-10-18 17:29:59.999,-1
2022-10-18 22:29:59.999,-1
2022-10-19 02:14:59.999,0
2022-10-19 05:29:59.999,0
2022-10-19 08:44:59.999,0
2022-10-19 11:59:59.999,0
2022-10-19 15:14:59.999,0
2022-10-19 18:29:59.999,0
2022-10-19 21:44:59.999,0
2022-10-20 00:59:59.999,0
2022-10-20 05:59:59.999,0
2022-10-20 09:29:59.999,0
2022-10-20 12:44:59.999,0
2022-10-20 17:14:59.999,0
2022-10-20 23:44:59.999,0
2022-10-21 02:59:59.999,0
2022-10-21 06:14:59.999,0
2022-10-21 09:29:59.999,0
2022-10-21 15:59:59.999,-1
2022-10-21 22:29:59.999,0
2022-10-22 01:44:59.999,0
2022-10-22 04:59:59.999,0
2022-10-22 08:14:59.999,0
2022-10-22 11:29:59.999,0
2022-10-22 14:44:59.999,0
2022-10-22 17:59:59.999,0
2022-10-22 21:14:59.999,0
2022-10-23 00:29:59.999,0
2022-10-23 03:44:59.999,0
2022-10-23 06:59:59.999,0
2022-10-23 10:14:59.999,0
2022-10-23 13:29:59.999,0
2022-10-23 16:44:59.999,0
2022-10-23 21:29:59.999,1
2022-10-24 01:44:59.999,1
2022-10-24 07:59:59.999,0
2022-10-24 11:14:59.999,0
2022-10-24 14:29:59.999,0
2022-10-24 17:44:59.999,0
2022-10-24 21:29:59.999,0
2022-10-25 00:44:59.999,0
2022-10-25 03:59:59.999,0
2022-10-25 07:14:59.999,0
2022-10-25 10:29:59.999,0
2022-10-25 16:44:59.999,1
2022-10-25 20:59:59.999,1
2022-10-26 06:44:59.999,0
2022-10-26 12:29:59.999,1
2022-10-26 17:44:59.999,1
2022-10-26 23:29:59.999,0
2022-10-27 02:44:59.999,0
2022-10-27 05:59:59.999,0
2022-10-27 09:14:59.999,0
2022-10-27 23:59:59.999,-1
2022-10-28 05:44:59.999,0
2022-10-28 08:59:59.999,0
2022-10-28 12:14:59.999,0
2022-10-28 16:29:59.999,1
2022-10-28 20:14:59.999,1
2022-10-28 23:44:59.999,0
2022-10-29 02:59:59.999,0
2022-10-29 06:14:59.999,0
2022-10-29 11:44:59.999,1
2022-10-29 15:44:59.999,0
2022-10-29 19:29:59.999,0
2022-10-29 22:44:59.999,0
2022-10-30 01:59:59.999,0
2022-10-30 05:14:59.999,0
2022-10-30 09:14:59.999,0
2022-10-30 14:59:59.999,0
2022-10-30 18:59:59.999,0
2022-10-30 22:14:59.999,0
2022-10-31 01:29:59.999,0
2022-10-31 04:59:59.999,0
2022-10-31 08:14:59.999,0
2022-10-31 13:29:59.999,1
2022-10-31 17:44:59.999,-1
2022-10-31 23:14:59.999,0
2022-11-01 02:29:59.999,0
2022-11-01 05:44:59.999,0
2022-11-01 08:59:59.999,0
2022-11-01 12:29:59.999,0
2022-11-01 17:44:59.999,0
2022-11-01 20:59:59.999,0
2022-11-02 00:14:59.999,0
2022-11-02 03:29:59.999,0
2022-11-02 06:44:59.999,0
2022-11-02 09:59:59.999,0
2022-11-02 13:14:59.999,0
2022-11-02 16:29:59.999,0
2022-11-02 21:59:59.999,1
2022-11-03 07:59:59.999,0
2022-11-03 11:14:59.999,0
2022-11-03 15:29:59.999,-1
2022-11-03 19:44:59.999,0
2022-11-03 22:59:59.999,0
2022-11-04 02:14:59.999,0
2022-11-04 09:44:59.999,1
2022-11-04 16:29:59.999,1
2022-11-05 04:29:59.999,1
2022-11-05 09:59:59.999,0
2022-11-05 13:14:59.999,0
2022-11-05 16:29:59.999,0
2022-11-05 19:44:59.999,0
2022-11-05 22:59:59.999,0
2022-11-06 02:14:59.999,0
2022-11-06 05:29:59.999,0
2022-11-06 08:44:59.999,0
2022-11-06 11:59:59.999,0
2022-11-06 15:14:59.999,0
2022-11-06 18:29:59.999,0
2022-11-06 21:44:59.999,0
2022-11-07 02:59:59.999,-1
2022-11-07 12:29:59.999,0
2022-11-07 15:44:59.999,0
2022-11-07 18:59:59.999,0
2022-11-08 06:44:59.999,-1
2022-11-08 19:44:59.999,1
2022-11-08 20:59:59.999,-1
2022-11-09 19:14:59.999,-1
2022-11-10 00:29:59.999,-1
2022-11-10 17:29:59.999,1
2022-11-11 00:44:59.999,1
2022-11-11 13:14:59.999,0
2022-11-11 17:29:59.999,-1
2022-11-12 09:29:59.999,0
2022-11-12 12:44:59.999,0
2022-11-12 15:59:59.999,0
2022-11-12 19:14:59.999,0
2022-11-12 23:29:59.999,0
2022-11-13 02:44:59.999,0
2022-11-13 06:14:59.999,0
2022-11-13 10:14:59.999,-1
2022-11-13 15:14:59.999,0
2022-11-13 18:29:59.999,0
2022-11-13 21:44:59.999,0
2022-11-14 10:29:59.999,1
2022-11-15 09:14:59.999,0
2022-11-15 12:59:59.999,0
2022-11-15 19:59:59.999,0
2022-11-15 23:14:59.999,0
2022-11-16 02:29:59.999,0
2022-11-16 05:44:59.999,0
2022-11-16 08:59:59.999,0
2022-11-16 18:59:59.999,0
2022-11-16 22:14:59.999,0
2022-11-17 03:44:59.999,0
2022-11-17 09:29:59.999,0
2022-11-17 12:44:59.999,0
2022-11-17 15:59:59.999,0
2022-11-17 19:14:59.999,0
2022-11-17 23:14:59.999,0
2022-11-18 10:44:59.999,0
2022-11-18 13:59:59.999,0
2022-11-18 17:14:59.999,0
2022-11-18 21:29:59.999,0
2022-11-19 00:44:59.999,0
2022-11-19 03:59:59.999,0
2022-11-19 07:14:59.999,0
2022-11-19 10:29:59.999,0
2022-11-19 13:44:59.999,0
2022-11-19 16:59:59.999,0
2022-11-19 20:14:59.999,0
2022-11-19 23:29:59.999,0
2022-11-20 02:44:59.999,0
2022-11-20 05:59:59.999,0
2022-11-20 09:14:59.999,0
2022-11-20 12:29:59.999,-1
2022-11-20 15:44:59.999,0
2022-11-20 18:59:59.999,0
2022-11-20 23:59:59.999,-1
2022-11-21 05:44:59.999,-1
2022-11-21 11:29:59.999,0
2022-11-21 16:29:59.999,0
2022-11-21 23:14:59.999,-1
2022-11-22 07:14:59.999,0
2022-11-22 11:59:59.999,0
2022-11-22 16:29:59.999,1
2022-11-22 22:44:59.999,0
2022-11-23 06:14:59.999,1
2022-11-23 11:44:59.999,0
2022-11-23 14:59:59.999,0
2022-11-24 06:14:59.999,0
2022-11-24 09:29:59.999,0
2022-11-24 14:29:59.999,0
2022-11-24 17:59:59.999,0
2022-11-24 21:14:59.999,0
2022-11-25 00:29:59.999,0
2022-11-25 03:44:59.999,0
2022-11-25 08:44:59.999,0
2022-11-25 11:59:59.999,0
2022-11-25 15:14:59.999,0
2022-11-25 18:29:59.999,0
2022-11-25 21:44:59.999,0
2022-11-26 00:59:59.999,0
2022-11-26 04:29:59.999,1
2022-11-26 07:44:59.999,0
2022-11-26 10:59:59.999,0
2022-11-26 14:14:59.999,0
2022-11-26 17:29:59.999,0
2022-11-26 21:29:59.999,0
2022-11-27 00:44:59.999,0
2022-11-27 03:59:59.999,0
2022-11-27 07:29:59.999,0
2022-11-27 10:44:59.999,0
2022-11-27 13:59:59.999,0
2022-11-27 17:14:59.999,0
2022-11-27 20:29:59.999,0
2022-11-27 23:44:59.999,0
2022-11-28 02:59:59.999,-1
2022-11-28 10:44:59.999,0
2022-11-28 13:59:59.999,0
2022-11-28 17:14:59.999,0
2022-11-28 20:29:59.999,0
2022-11-28 23:44:59.999,0
2022-11-29 02:59:59.999,0
2022-11-29 11:14:59.999,0
2022-11-29 14:29:59.999,0
2022-11-29 18:14:59.999,0
2022-11-29 21:29:59.999,0
2022-11-30 04:29:59.999,1
2022-11-30 09:59:59.999,0
2022-11-30 13:14:59.999,0
2022-11-30 16:29:59.999,0
2022-11-30 22:29:59.999,1
2022-12-01 03:29:59.999,0
2022-12-01 06:44:59.999,0
2022-12-01 09:59:59.999,0
2022-12-01 13:14:59.999,0
2022-12-01 16:29:59.999,0
2022-12-01 21:44:59.999,0
2022-12-02 00:59:59.999,0
2022-12-02 04:14:59.999,0
2022-12-02 07:44:59.999,0
2022-12-02 10:59:59.999,0
2022-12-02 16:59:59.999,-1
2022-12-02 20:14:59.999,0
2022-12-02 23:29:59.999,0
2022-12-03 02:44:59.999,0
2022-12-03 05:59:59.999,0
2022-12-03 09:14:59.999,0
2022-12-03 12:29:59.999,0
2022-12-03 15:44:59.999,0
2022-12-03 18:59:59.999,0
2022-12-03 22:14:59.999,0
2022-12-04 01:29:59.999,0
2022-12-04 04:44:59.999,0
2022-12-04 07:59:59.999,0
2022-12-04 11:14:59.999,0
2022-12-04 14:29:59.999,0
2022-12-04 17:44:59.999,0
2022-12-04 21:29:59.999,0
2022-12-05 00:44:59.999,0
2022-12-05 04:14:59.999,1
2022-12-05 08:29:59.999,1
2022-12-05 11:44:59.999,0
2022-12-05 22:14:59.999,-1
2022-12-06 01:29:59.999,0
2022-12-06 04:44:59.999,0
2022-12-06 07:59:59.999,0
2022-12-06 11:14:59.999,0
2022-12-06 14:29:59.999,0
2022-12-06 17:44:59.999,0
2022-12-06 20:59:59.999,0
2022-12-07 02:59:59.999,1
2022-12-07 06:14:59.999,0
2022-12-07 10:59:59.999,-1
2022-12-07 16:29:59.999,0
2022-12-07 19:44:59.999,0
2022-12-07 22:59:59.999,0
2022-12-08 02:14:59.999,0
2022-12-08 05:29:59.999,0
2022-12-08 08:44:59.999,0
2022-12-08 11:59:59.999,0
2022-12-08 15:14:59.999,0
2022-12-08 18:44:59.999,1
2022-12-08 22:29:59.999,1
2022-12-09 03:59:59.999,0
2022-12-09 07:14:59.999,0
2022-12-09 10:29:59.999,0
2022-12-09 16:29:59.999,-1
2022-12-09 20:14:59.999,0
2022-12-09 23:29:59.999,0
2022-12-10 02:44:59.999,0
2022-12-10 05:59:59.999,0
2022-12-10 09:14:59.999,0
2022-12-10 12:29:59.999,0
2022-12-10 15:44:59.999,0
2022-12-10 18:59:59.999,0
2022-12-10 22:14:59.999,0
2022-12-11 01:29:59.999,0
2022-12-11 04:44:59.999,0
2022-12-11 07:59:59.999,0
2022-12-11 11:14:59.999,0
2022-12-11 14:29:59.999,0
2022-12-11 17:44:59.999,0
2022-12-11 22:44:59.999,1
2022-12-12 03:59:59.999,-1
2022-12-12 07:14:59.999,0
2022-12-12 10:29:59.999,0
2022-12-12 13:44:59.999,0
2022-12-12 16:59:59.999,0
2022-12-12 20:14:59.999,0
2022-12-13 00:44:59.999,1
2022-12-13 03:59:59.999,0
2022-12-13 07:14:59.999,0
2022-12-13 13:44:59.999,1
2022-12-13 17:14:59.999,1
2022-12-13 22:59:59.999,0
2022-12-14 02:14:59.999,0
2022-12-14 05:29:59.999,0
2022-12-14 08:44:59.999,0
2022-12-14 11:59:59.999,0
2022-12-14 15:59:59.999,1
2022-12-14 21:59:59.999,-1
2022-12-15 07:29:59.999,0
2022-12-15 10:44:59.999,0
2022-12-15 16:59:59.999,-1
2022-12-15 21:14:59.999,0
2022-12-16 00:29:59.999,0
2022-12-16 03:44:59.999,0
2022-12-16 06:59:59.999,0
2022-12-16 12:44:59.999,-1
2022-12-16 21:59:59.999,0
2022-12-17 02:29:59.999,-1
2022-12-17 06:14:59.999,0
2022-12-17 09:44:59.999,0
2022-12-17 12:59:59.999,0
2022-12-17 16:14:59.999,0
2022-12-17 19:29:59.999,0
2022-12-17 22:44:59.999,0
2022-12-18 01:59:59.999,0
2022-12-18 05:14:59.999,0
2022-12-18 08:29:59.999,0
2022-12-18 11:44:59.999,0
2022-12-18 14:59:59.999,0
2022-12-18 18:14:59.999,0
2022-12-18 21:29:59.999,0
2022-12-19 00:44:59.999,0
2022-12-19 03:59:59.999,0
2022-12-19 07:14:59.999,0
2022-12-19 10:29:59.999,0
2022-12-19 13:44:59.999,0
2022-12-19 16:59:59.999,0
2022-12-20 02:14:59.999,-1
2022-12-20 06:29:59.999,1
2022-12-20 11:59:59.999,0
2022-12-20 15:14:59.999,0
2022-12-20 18:44:59.999,1
2022-12-20 21:59:59.999,0
2022-12-21 01:14:59.999,0
2022-12-21 04:29:59.999,0
2022-12-21 07:44:59.999,0
2022-12-21 10:59:59.999,0
2022-12-21 14:14:59.999,0
2022-12-21 17:29:59.999,0
2022-12-21 20:44:59.999,0
2022-12-21 23:59:59.999,0
2022-12-22 03:14:59.999,0
2022-12-22 06:29:59.999,0
2022-12-22 09:44:59.999,0
2022-12-22 12:59:59.999,0
2022-12-22 18:29:59.999,-1
2022-12-23 00:14:59.999,1
2022-12-23 03:29:59.999,0
2022-12-23 06:44:59.999,0
2022-12-23 09:59:59.999,0
2022-12-23 13:14:59.999,0
2022-12-23 17:29:59.999,-1
2022-12-23 20:44:59.999,0
2022-12-23 23:59:59.999,0
2022-12-24 03:14:59.999,0
2022-12-24 06:29:59.999,0
2022-12-24 09:44:59.999,0
2022-12-24 12:59:59.999,0
2022-12-24 16:14:59.999,0
2022-12-24 19:29:59.999,0
2022-12-24 22:44:59.999,0
2022-12-25 01:59:59.999,0
2022-12-25 05:14:59.999,0
2022-12-25 08:29:59.999,0
2022-12-25 11:44:59.999,0
2022-12-25 14:59:59.999,0
2022-12-25 18:29:59.999,-1
2022-12-25 21:44:59.999,0
2022-12-26 00:59:59.999,0
2022-12-26 04:14:59.999,0
2022-12-26 07:29:59.999,0
2022-12-26 10:44:59.999,0
2022-12-26 13:59:59.999,0
2022-12-26 17:14:59.999,0
2022-12-26 20:29:59.999,0
2022-12-26 23:44:59.999,0
2022-12-27 02:59:59.999,0
2022-12-27 06:14:59.999,0
2022-12-27 09:29:59.999,0
2022-12-27 12:44:59.999,0
2022-12-27 15:59:59.999,0
2022-12-27 21:14:59.999,-1
2022-12-28 00:29:59.999,0
2022-12-28 03:44:59.999,0
2022-12-28 06:59:59.999,0
2022-12-28 10:14:59.999,0
2022-12-28 13:29:59.999,0
2022-12-28 18:29:59.999,-1
2022-12-28 21:59:59.999,0
2022-12-29 01:44:59.999,0
2022-12-29 04:59:59.999,0
2022-12-29 08:14:59.999,0
2022-12-29 11:29:59.999,0
2022-12-29 14:44:59.999,0
2022-12-29 17:59:59.999,0
2022-12-29 21:14:59.999,0
2022-12-30 00:29:59.999,0
2022-12-30 03:44:59.999,0
2022-12-30 09:44:59.999,-1
2022-12-30 12:59:59.999,0
2022-12-30 18:44:59.999,1
2022-12-30 21:59:59.999,0
2022-12-31 01:14:59.999,0
2022-12-31 04:29:59.999,0
2022-12-31 07:44:59.999,0
2022-12-31 10:59:59.999,0
2022-12-31 14:14:59.999,0
2022-12-31 17:29:59.999,0
2022-12-31 20:44:59.999,0
2022-12-31 23:59:59.999,0
2023-01-01 03:14:59.999,0
2023-01-01 06:29:59.999,0
2023-01-01 09:44:59.999,0
2023-01-01 12:59:59.999,0
2023-01-01 16:14:59.999,0
2023-01-01 19:29:59.999,0
2023-01-01 22:44:59.999,0
2023-01-02 01:59:59.999,0
2023-01-02 07:29:59.999,1
2023-01-02 10:59:59.999,1
2023-01-02 14:14:59.999,0
2023-01-02 17:29:59.999,0
2023-01-02 20:44:59.999,0
2023-01-02 23:59:59.999,0
2023-01-03 03:14:59.999,0
2023-01-03 06:29:59.999,0
2023-01-03 09:44:59.999,0
2023-01-03 12:59:59.999,0
2023-01-03 18:44:59.999,-1
2023-01-03 21:59:59.999,0
2023-01-04 01:14:59.999,0
2023-01-04 04:59:59.999,1
2023-01-04 09:44:59.999,0
2023-01-04 12:59:59.999,0
2023-01-04 19:14:59.999,1
2023-01-04 22:29:59.999,0
2023-01-05 01:44:59.999,0
2023-01-05 04:59:59.999,0
2023-01-05 08:14:59.999,0
2023-01-05 11:29:59.999,0
2023-01-05 14:44:59.999,0
2023-01-05 17:59:59.999,0
2023-01-05 21:14:59.999,0
2023-01-06 00:29:59.999,0
2023-01-06 03:44:59.999,0
2023-01-06 06:59:59.999,0
2023-01-06 10:14:59.999,0
2023-01-06 13:29:59.999,0
2023-01-06 17:14:59.999,1
2023-01-06 23:29:59.999,1
2023-01-07 02:44:59.999,0
2023-01-07 05:59:59.999,0
2023-01-07 09:14:59.999,0
2023-01-07 12:29:59.999,0
2023-01-07 15:44:59.999,0
2023-01-07 18:59:59.999,0
2023-01-07 22:14:59.999,0
2023-01-08 01:29:59.999,0
2023-01-08 04:44:59.999,0
2023-01-08 07:59:59.999,0
2023-01-08 11:14:59.999,0
2023-01-08 14:29:59.999,0
2023-01-08 17:44:59.999,0
2023-01-08 20:59:59.999,0
2023-01-09 02:59:59.999,1
2023-01-09 06:44:59.999,0
2023-01-09 09:59:59.999,0
2023-01-09 13:14:59.999,0
2023-01-09 19:29:59.999,1
2023-01-09 22:44:59.999,0
2023-01-10 02:29:59.999,0
2023-01-10 05:44:59.999,0
2023-01-10 08:59:59.999,0
2023-01-10 12:14:59.999,0
2023-01-10 15:29:59.999,0
2023-01-10 18:44:59.999,0
2023-01-11 00:59:59.999,0
2023-01-11 04:14:59.999,0
2023-01-11 07:29:59.999,0
2023-01-11 10:44:59.999,0
2023-01-11 13:59:59.999,0
2023-01-11 17:44:59.999,0
2023-01-11 21:59:59.999,1
2023-01-12 03:14:59.999,1
2023-01-12 10:29:59.999,0
2023-01-12 13:44:59.999,0
2023-01-12 16:59:59.999,-1
2023-01-12 21:14:59.999,1
2023-01-13 06:29:59.999,0
2023-01-13 09:44:59.999,0
2023-01-13 13:14:59.999,0
2023-01-13 18:44:59.999,1
2023-01-14 01:29:59.999,1
2023-01-14 03:44:59.999,1
2023-01-14 12:59:59.999,-1
2023-01-15 09:59:59.999,0
2023-01-15 13:14:59.999,0
2023-01-15 16:29:59.999,0
2023-01-15 19:44:59.999,0
2023-01-15 22:59:59.999,0
2023-01-16 04:29:59.999,1
2023-01-16 11:59:59.999,-1
2023-01-16 18:59:59.999,1
2023-01-17 04:14:59.999,0
2023-01-17 07:29:59.999,0
2023-01-17 10:44:59.999,0
2023-01-17 17:59:59.999,1
2023-01-18 00:14:59.999,0
2023-01-18 03:44:59.999,0
2023-01-18 07:14:59.999,0
2023-01-18 10:29:59.999,0
2023-01-18 13:44:59.999,0
2023-01-18 17:29:59.999,1
2023-01-19 02:59:59.999,0
2023-01-19 07:14:59.999,0
2023-01-19 10:29:59.999,0
2023-01-19 13:44:59.999,0
2023-01-19 17:29:59.999,0
2023-01-19 23:44:59.999,0
2023-01-20 02:59:59.999,0
2023-01-20 06:14:59.999,0
2023-01-20 11:14:59.999,0
2023-01-20 23:44:59.999,1
2023-01-21 07:44:59.999,0
2023-01-21 13:29:59.999,1
2023-01-22 09:44:59.999,0
2023-01-22 14:14:59.999,0
2023-01-22 23:44:59.999,-1
2023-01-23 05:29:59.999,0
2023-01-23 08:44:59.999,0
2023-01-23 12:59:59.999,0
2023-01-24 04:14:59.999,0
2023-01-24 08:29:59.999,0
2023-01-24 15:44:59.999,0
2023-01-24 18:59:59.999,0
2023-01-25 01:44:59.999,-1
2023-01-25 10:44:59.999,0
2023-01-25 13:59:59.999,0
2023-01-25 17:14:59.999,0
2023-01-26 01:14:59.999,1
2023-01-26 16:14:59.999,0
2023-01-26 19:44:59.999,0
2023-01-26 22:59:59.999,0
2023-01-27 05:14:59.999,-1
2023-01-27 12:14:59.999,0
2023-01-28 06:14:59.999,0
2023-01-28 09:29:59.999,0
2023-01-28 12:44:59.999,0
2023-01-28 15:59:59.999,0
2023-01-28 19:14:59.999,0
2023-01-28 22:29:59.999,0
2023-01-29 04:29:59.999,1
2023-01-29 13:14:59.999,1
2023-01-30 01:14:59.999,0
2023-01-30 05:14:59.999,0
2023-01-30 12:14:59.999,-1
2023-01-30 22:59:59.999,-1
2023-01-31 04:29:59.999,0
2023-01-31 07:44:59.999,0
2023-01-31 10:59:59.999,0
2023-01-31 17:29:59.999,1
2023-02-01 02:29:59.999,1
2023-02-01 08:14:59.999,0
2023-02-01 12:44:59.999,0
2023-02-01 15:59:59.999,0
2023-02-01 23:29:59.999,1
2023-02-02 04:29:59.999,1
2023-02-02 09:59:59.999,0
2023-02-02 13:14:59.999,0
2023-02-02 18:14:59.999,-1
2023-02-03 00:59:59.999,-1
2023-02-03 07:14:59.999,0
2023-02-03 10:29:59.999,0
2023-02-03 13:44:59.999,0
2023-02-03 18:29:59.999,1
2023-02-04 00:29:59.999,0
2023-02-04 03:44:59.999,0
2023-02-04 07:29:59.999,0
2023-02-04 10:44:59.999,0
2023-02-04 13:59:59.999,0
2023-02-04 17:14:59.999,0
2023-02-04 20:29:59.999,0
2023-02-04 23:44:59.999,0
2023-02-05 03:29:59.999,-1
2023-02-05 06:44:59.999,0
2023-02-05 09:59:59.999,0
2023-02-05 16:29:59.999,-1
2023-02-06 00:14:59.999,0
2023-02-06 03:29:59.999,0
2023-02-06 09:14:59.999,-1
2023-02-06 14:44:59.999,0
2023-02-06 19:29:59.999,1
2023-02-07 02:59:59.999,-1
2023-02-07 06:14:59.999,0
2023-02-07 09:29:59.999,0
2023-02-07 12:44:59.999,0
2023-02-07 15:59:59.999,0
2023-02-07 21:14:59.999,-1
2023-02-08 03:59:59.999,0
2023-02-08 07:14:59.999,0
2023-02-08 10:29:59.999,0
2023-02-08 13:44:59.999,0
2023-02-08 18:44:59.999,-1
2023-02-08 21:59:59.999,0
2023-02-09 01:14:59.999,0
2023-02-09 06:29:59.999,-1
2023-02-09 12:29:59.999,0
2023-02-09 15:44:59.999,0
2023-02-09 22:59:59.999,-1
2023-02-10 04:59:59.999,0
2023-02-10 08:14:59.999,0
2023-02-10 11:29:59.999,0
2023-02-10 14:59:59.999,0
2023-02-10 19:14:59.999,-1
2023-02-10 22:29:59.999,0
2023-02-11 01:44:59.999,0
2023-02-11 05:14:59.999,0
2023-02-11 08:29:59.999,0
2023-02-11 11:44:59.999,0
2023-02-11 14:59:59.999,0
2023-02-11 18:14:59.999,0
2023-02-11 21:29:59.999,0
2023-02-12 00:44:59.999,0
2023-02-12 03:59:59.999,0
2023-02-12 07:14:59.999,0
2023-02-12 10:29:59.999,0
2023-02-12 13:44:59.999,0
2023-02-12 16:59:59.999,0
2023-02-12 21:14:59.999,0
2023-02-13 00:59:59.999,-1
2023-02-13 04:14:59.999,0
2023-02-13 07:29:59.999,0
2023-02-13 11:59:59.999,-1
2023-02-13 15:44:59.999,0
2023-02-13 19:44:59.999,0
2023-02-13 22:59:59.999,0
2023-02-14 02:59:59.999,0
2023-02-14 06:14:59.999,0
2023-02-14 09:29:59.999,0
2023-02-14 12:44:59.999,0
2023-02-14 18:29:59.999,1
2023-02-15 00:59:59.999,0
2023-02-15 04:59:59.999,0
2023-02-15 08:14:59.999,0
2023-02-15 15:29:59.999,1
2023-02-15 22:14:59.999,1
2023-02-16 03:59:59.999,1
2023-02-16 09:44:59.999,0
2023-02-16 13:29:59.999,0
2023-02-16 18:44:59.999,1
2023-02-17 01:59:59.999,-1
2023-02-17 09:14:59.999,0
2023-02-17 12:29:59.999,0
2023-02-17 23:14:59.999,1
2023-02-18 07:59:59.999,0
2023-02-18 11:14:59.999,0
2023-02-18 14:29:59.999,0
2023-02-18 18:14:59.999,0
2023-02-18 21:29:59.999,0
2023-02-19 01:14:59.999,0
2023-02-19 04:29:59.999,0
2023-02-19 07:44:59.999,0
2023-02-19 10:59:59.999,0
2023-02-19 14:14:59.999,0
2023-02-19 18:14:59.999,1
2023-02-20 13:14:59.999,1
2023-02-20 18:59:59.999,0
2023-02-20 22:44:59.999,0
2023-02-22 11:14:59.999,0
2023-02-22 14:29:59.999,0
2023-02-23 01:44:59.999,1
2023-02-23 06:14:59.999,1
2023-02-23 15:14:59.999,-1
2023-02-23 22:29:59.999,0
2023-02-24 01:44:59.999,0
2023-02-24 05:29:59.999,0
2023-02-24 08:44:59.999,0
2023-02-24 11:59:59.999,0
2023-02-24 18:59:59.999,-1
2023-02-25 05:14:59.999,0
2023-02-25 08:29:59.999,0
2023-02-25 11:44:59.999,0
2023-02-25 15:14:59.999,0
2023-02-25 18:29:59.999,0
2023-02-25 21:44:59.999,0
2023-02-26 01:44:59.999,0
2023-02-26 05:44:59.999,0
2023-02-26 08:59:59.999,0
2023-02-26 12:14:59.999,0
2023-02-26 15:29:59.999,0
2023-02-26 22:29:59.999,1
2023-02-27 07:44:59.999,0
2023-02-27 10:59:59.999,0
2023-02-27 17:14:59.999,1
2023-02-28 03:29:59.999,0
2023-02-28 06:44:59.999,0
2023-02-28 12:14:59.999,0
2023-02-28 15:44:59.999,0
2023-02-28 23:14:59.999,-1
2023-03-01 08:44:59.999,1
2023-03-01 14:14:59.999,0
2023-03-01 17:29:59.999,0
2023-03-01 23:44:59.999,-1
2023-03-02 05:14:59.999,0
2023-03-02 08:29:59.999,0
2023-03-02 11:44:59.999,0
2023-03-02 14:59:59.999,0
2023-03-02 18:14:59.999,0
2023-03-02 22:29:59.999,0
2023-03-03 05:14:59.999,-1
2023-03-03 11:14:59.999,0
2023-03-03 14:29:59.999,0
2023-03-03 17:44:59.999,0
2023-03-03 20:59:59.999,0
2023-03-04 00:29:59.999,0
2023-03-04 03:44:59.999,0
2023-03-04 06:59:59.999,0
2023-03-04 10:14:59.999,0
2023-03-04 13:29:59.999,0
2023-03-04 16:44:59.999,0
2023-03-04 19:59:59.999,0
2023-03-05 02:14:59.999,1
2023-03-05 05:14:59.999,1
2023-03-05 11:59:59.999,0
2023-03-05 15:14:59.999,0
2023-03-05 18:29:59.999,0
2023-03-05 21:44:59.999,0
2023-03-06 00:59:59.999,0
2023-03-06 04:14:59.999,0
2023-03-06 07:29:59.999,0
2023-03-06 10:44:59.999,0
2023-03-06 13:59:59.999,0
2023-03-06 17:14:59.999,0
2023-03-06 20:29:59.999,0
2023-03-06 23:44:59.999,0
2023-03-07 02:59:59.999,0
2023-03-07 06:14:59.999,0
2023-03-07 09:29:59.999,0
2023-03-07 12:44:59.999,0
2023-03-08 01:14:59.999,0
2023-03-08 04:59:59.999,0
2023-03-08 09:59:59.999,0
2023-03-08 13:14:59.999,0
2023-03-08 18:59:59.999,1
2023-03-09 02:44:59.999,-1
2023-03-09 08:14:59.999,0
2023-03-09 11:29:59.999,0
2023-03-09 17:29:59.999,1
2023-03-09 21:59:59.999,-1
2023-03-10 09:29:59.999,0
2023-03-11 17:59:59.999,0
2023-03-12 03:14:59.999,0
2023-03-12 06:29:59.999,0
2023-03-12 09:44:59.999,0
2023-03-12 12:59:59.999,0
2023-03-12 16:14:59.999,0
2023-03-12 21:14:59.999,1
2023-03-13 02:14:59.999,1
2023-03-13 16:59:59.999,1
2023-03-14 16:29:59.999,1
2023-03-17 05:14:59.999,1
2023-03-17 12:59:59.999,1
2023-03-19 07:59:59.999,0
2023-03-19 11:14:59.999,0
2023-03-22 01:59:59.999,0
2023-03-22 05:29:59.999,0
2023-03-22 08:44:59.999,0
2023-03-22 11:59:59.999,0
2023-03-22 22:29:59.999,-1
2023-03-23 18:44:59.999,1
2023-03-24 05:29:59.999,0
2023-03-24 15:44:59.999,-1
2023-03-25 00:14:59.999,-1
2023-03-25 06:44:59.999,0
2023-03-25 11:14:59.999,0
2023-03-25 14:29:59.999,0
2023-03-26 04:44:59.999,0
2023-03-26 12:29:59.999,1
2023-03-26 17:29:59.999,-1
2023-03-27 07:59:59.999,0
2023-03-27 11:14:59.999,0
2023-03-27 17:44:59.999,-1
2023-03-28 01:29:59.999,0
2023-03-28 05:29:59.999,0
2023-03-28 08:44:59.999,0
2023-03-28 22:29:59.999,1
2023-03-29 04:14:59.999,0
2023-03-29 10:14:59.999,1
2023-03-30 06:14:59.999,-1
2023-03-30 12:29:59.999,0
2023-03-31 03:59:59.999,0
2023-03-31 16:29:59.999,1
2023-03-31 22:59:59.999,0
2023-04-01 02:14:59.999,0
2023-04-01 05:29:59.999,0
2023-04-01 09:14:59.999,0
2023-04-01 12:29:59.999,0
2023-04-01 15:44:59.999,0
2023-04-01 18:59:59.999,0
2023-04-01 22:14:59.999,0
2023-04-02 01:29:59.999,0
2023-04-02 04:44:59.999,0
2023-04-02 07:59:59.999,0
2023-04-02 11:14:59.999,0
2023-04-03 05:14:59.999,-1
2023-04-03 11:14:59.999,1
2023-04-03 23:44:59.999,-1
2023-04-04 18:14:59.999,0
2023-04-04 21:29:59.999,0
2023-04-05 04:14:59.999,1
2023-04-05 10:14:59.999,0
2023-04-06 01:29:59.999,0
2023-04-06 04:44:59.999,0
2023-04-06 07:59:59.999,0
2023-04-06 11:14:59.999,0
2023-04-06 14:29:59.999,0
2023-04-06 18:29:59.999,0
2023-04-06 21:44:59.999,0
2023-04-07 00:59:59.999,0
2023-04-07 04:14:59.999,0
2023-04-07 07:29:59.999,0
2023-04-07 11:44:59.999,0
2023-04-07 14:59:59.999,0
2023-04-07 18:14:59.999,0
2023-04-07 21:29:59.999,0
2023-04-08 00:44:59.999,0
2023-04-08 06:44:59.999,1
2023-04-08 09:59:59.999,0
2023-04-08 13:14:59.999,0
2023-04-08 16:29:59.999,0
2023-04-08 19:44:59.999,0
2023-04-08 22:59:59.999,0
2023-04-09 02:14:59.999,0
2023-04-09 05:29:59.999,0
2023-04-09 09:29:59.999,0
2023-04-09 12:44:59.999,0
2023-04-09 15:59:59.999,0
2023-04-09 19:14:59.999,0
2023-04-09 22:44:59.999,1
2023-04-10 04:14:59.999,0
2023-04-10 07:29:59.999,0
2023-04-10 10:44:59.999,0
2023-04-10 13:59:59.999,0
2023-04-10 18:29:59.999,1
2023-04-11 01:59:59.999,1
2023-04-11 11:59:59.999,0
2023-04-12 09:59:59.999,0
2023-04-12 16:29:59.999,1
2023-04-13 00:59:59.999,0
2023-04-13 06:44:59.999,0
2023-04-13 12:29:59.999,1
2023-04-13 17:59:59.999,1
2023-04-13 21:14:59.999,0
2023-04-14 04:29:59.999,1
2023-04-14 09:59:59.999,0
2023-04-14 13:14:59.999,0
2023-04-14 18:59:59.999,-1
2023-04-15 01:14:59.999,0
2023-04-15 04:29:59.999,0
2023-04-15 07:44:59.999,0
2023-04-15 10:59:59.999,0
2023-04-15 14:14:59.999,0
2023-04-15 17:29:59.999,0
2023-04-15 20:44:59.999,0
2023-04-15 23:59:59.999,0
2023-04-16 03:14:59.999,0
2023-04-16 06:29:59.999,0
2023-04-16 09:44:59.999,0
2023-04-16 12:59:59.999,0
2023-04-16 16:14:59.999,0
2023-04-17 04:14:59.999,-1
2023-04-17 09:59:59.999,0
2023-04-17 15:14:59.999,-1
2023-04-17 20:59:59.999,0
2023-04-18 00:14:59.999,0
2023-04-18 10:14:59.999,1
2023-04-18 15:14:59.999,1
2023-04-19 03:59:59.999,0
2023-04-19 07:14:59.999,0
2023-04-19 11:59:59.999,-1
2023-04-19 17:44:59.999,0
2023-04-20 09:44:59.999,0
2023-04-20 14:14:59.999,0
2023-04-21 04:44:59.999,0
2023-04-21 22:29:59.999,-1
2023-04-22 04:29:59.999,0
2023-04-22 07:59:59.999,0
2023-04-22 11:14:59.999,0
2023-04-22 18:44:59.999,1
2023-04-23 03:59:59.999,-1
2023-04-23 10:59:59.999,0
2023-04-23 14:14:59.999,0
2023-04-23 17:29:59.999,0
2023-04-23 21:29:59.999,0
2023-04-24 04:44:59.999,1
2023-04-24 17:29:59.999,-1
2023-04-25 02:29:59.999,0
2023-04-25 05:44:59.999,0
2023-04-25 08:59:59.999,0
2023-04-25 12:14:59.999,0
2023-04-25 15:29:59.999,0
2023-04-25 21:29:59.999,1
2023-04-26 06:29:59.999,0
2023-04-26 12:14:59.999,1
2023-04-26 15:59:59.999,1
2023-04-26 22:59:59.999,-1
2023-04-27 03:44:59.999,1
2023-04-28 23:29:59.999,0
2023-04-29 02:44:59.999,0
2023-04-29 05:59:59.999,0
2023-04-29 09:14:59.999,0
2023-04-29 12:29:59.999,0
2023-04-29 15:44:59.999,0
2023-04-29 18:59:59.999,0
2023-04-29 22:14:59.999,0
2023-04-30 01:29:59.999,0
2023-04-30 04:44:59.999,0
2023-04-30 07:59:59.999,0
2023-04-30 11:14:59.999,0
2023-04-30 18:29:59.999,1
2023-05-01 05:29:59.999,-1
2023-05-01 11:14:59.999,0
2023-05-01 14:29:59.999,0
2023-05-02 06:14:59.999,0
2023-05-02 09:29:59.999,0
2023-05-02 18:14:59.999,1
2023-05-03 00:59:59.999,0
2023-05-03 06:44:59.999,0
2023-05-03 10:59:59.999,0
2023-05-04 00:44:59.999,1
2023-05-04 06:44:59.999,0
2023-05-04 09:59:59.999,0
2023-05-04 22:59:59.999,0
2023-05-05 05:29:59.999,1
2023-05-05 11:14:59.999,0
2023-05-06 01:29:59.999,0
2023-05-06 04:44:59.999,0
2023-05-06 10:14:59.999,0
2023-05-06 16:29:59.999,-1
2023-05-07 00:14:59.999,0
2023-05-07 10:44:59.999,0
2023-05-07 13:59:59.999,0
2023-05-07 17:14:59.999,0
2023-05-07 20:29:59.999,0
2023-05-08 03:29:59.999,-1
2023-05-08 21:29:59.999,-1
2023-05-09 03:14:59.999,0
2023-05-09 06:29:59.999,0
2023-05-09 09:44:59.999,0
2023-05-09 12:59:59.999,0
2023-05-10 02:29:59.999,0
2023-05-10 05:44:59.999,0
2023-05-10 09:14:59.999,0
2023-05-10 16:29:59.999,1
2023-05-10 20:59:59.999,-1
2023-05-11 06:44:59.999,0
2023-05-11 09:59:59.999,0
2023-05-12 09:29:59.999,-1
2023-05-12 15:14:59.999,0
2023-05-12 18:29:59.999,0
2023-05-12 22:44:59.999,1
2023-05-13 06:29:59.999,0
2023-05-13 09:44:59.999,0
2023-05-13 12:59:59.999,0
2023-05-13 16:14:59.999,0
2023-05-13 19:29:59.999,0
2023-05-13 22:44:59.999,0
2023-05-14 01:59:59.999,0
2023-05-14 05:14:59.999,0
2023-05-14 08:29:59.999,0
2023-05-14 11:44:59.999,0
2023-05-14 14:59:59.999,0
2023-05-14 18:29:59.999,1
2023-05-14 22:44:59.999,0
2023-05-15 04:14:59.999,1
2023-05-15 15:59:59.999,0
2023-05-15 19:14:59.999,0
2023-05-15 22:29:59.999,0
2023-05-16 10:44:59.999,0
2023-05-16 14:14:59.999,0
2023-05-16 17:29:59.999,0
2023-05-16 20:44:59.999,0
2023-05-16 23:59:59.999,0
2023-05-17 03:59:59.999,0
2023-05-17 07:14:59.999,0
2023-05-17 20:29:59.999,1
2023-05-18 04:29:59.999,0
2023-05-18 08:14:59.999,0
2023-05-18 11:29:59.999,0
2023-05-18 21:29:59.999,-1
2023-05-19 06:59:59.999,0
2023-05-19 10:14:59.999,0
2023-05-19 13:29:59.999,0
2023-05-19 16:44:59.999,0
2023-05-19 19:59:59.999,0
2023-05-19 23:14:59.999,0
2023-05-20 02:29:59.999,0
2023-05-20 05:44:59.999,0
2023-05-20 08:59:59.999,0
2023-05-20 12:14:59.999,0
2023-05-20 15:29:59.999,0
2023-05-20 21:29:59.999,1
2023-05-21 00:44:59.999,0
2023-05-21 04:44:59.999,1
2023-05-21 07:59:59.999,0
2023-05-21 11:14:59.999,0
2023-05-21 14:29:59.999,-1
2023-05-21 17:44:59.999,0
2023-05-21 20:59:59.999,0
2023-05-22 00:29:59.999,-1
2023-05-22 03:59:59.999,0
2023-05-22 07:29:59.999,0
2023-05-22 11:44:59.999,0
2023-05-22 17:29:59.999,1
2023-05-22 22:59:59.999,0
2023-05-23 05:14:59.999,1
2023-05-23 12:44:59.999,0
2023-05-23 15:59:59.999,0
2023-05-23 19:14:59.999,0
2023-05-23 22:29:59.999,0
2023-05-24 01:44:59.999,0
2023-05-24 06:59:59.999,-1
2023-05-24 12:59:59.999,0
2023-05-24 17:29:59.999,-1
2023-05-25 10:44:59.999,0
2023-05-25 15:44:59.999,1
2023-05-25 22:59:59.999,1
2023-05-26 04:29:59.999,0
2023-05-26 07:44:59.999,0
2023-05-26 10:59:59.999,0
2023-05-26 17:29:59.999,1
2023-05-26 23:44:59.999,0
2023-05-27 02:59:59.999,0
2023-05-27 06:14:59.999,0
2023-05-27 09:29:59.999,0
2023-05-27 12:44:59.999,0
2023-05-27 15:59:59.999,0
2023-05-27 19:14:59.999,0
2023-05-27 22:29:59.999,0
2023-05-28 04:29:59.999,1
2023-05-28 09:59:59.999,0
2023-05-28 13:14:59.999,0
2023-05-28 16:29:59.999,0
2023-05-28 21:29:59.999,1
2023-05-29 01:14:59.999,1
2023-05-29 10:29:59.999,0
2023-05-29 13:44:59.999,0
2023-05-30 00:44:59.999,0
2023-05-30 03:59:59.999,0
2023-05-30 07:14:59.999,0
2023-05-30 10:29:59.999,0
2023-05-30 13:59:59.999,0
2023-05-30 20:59:59.999,0
2023-05-31 00:14:59.999,0
2023-05-31 03:29:59.999,0
2023-05-31 08:29:59.999,-1
2023-06-01 06:44:59.999,-1
2023-06-01 12:14:59.999,0
2023-06-01 15:29:59.999,0
2023-06-01 20:44:59.999,1
2023-06-02 02:14:59.999,0
2023-06-02 11:14:59.999,0
2023-06-03 01:29:59.999,0
2023-06-03 04:44:59.999,0
2023-06-03 07:59:59.999,0
2023-06-03 11:14:59.999,0
2023-06-03 14:29:59.999,0
2023-06-03 19:14:59.999,1
2023-06-03 23:59:59.999,0
2023-06-04 03:14:59.999,0
2023-06-04 06:29:59.999,0
2023-06-04 09:44:59.999,0
2023-06-04 13:14:59.999,0
2023-06-04 16:29:59.999,0
2023-06-04 19:44:59.999,0
2023-06-05 01:59:59.999,1
2023-06-05 09:59:59.999,0
2023-06-05 13:14:59.999,0
2023-06-05 18:59:59.999,-1
2023-06-06 02:29:59.999,0
2023-06-06 05:44:59.999,0
2023-06-06 08:59:59.999,0
2023-06-06 17:14:59.999,1
2023-06-06 23:14:59.999,1
2023-06-08 07:29:59.999,0
2023-06-08 10:44:59.999,0
2023-06-08 13:59:59.999,0
2023-06-08 18:14:59.999,0
2023-06-08 21:29:59.999,0
2023-06-09 00:44:59.999,0
2023-06-09 04:29:59.999,0
2023-06-09 07:44:59.999,0
2023-06-09 11:44:59.999,0
2023-06-09 14:59:59.999,0
2023-06-09 18:14:59.999,0
2023-06-09 21:59:59.999,0
2023-06-10 01:14:59.999,0
2023-06-10 08:14:59.999,-1
2023-06-10 14:29:59.999,0
2023-06-10 20:59:59.999,1
2023-06-11 04:14:59.999,0
2023-06-11 07:29:59.999,0
2023-06-11 10:44:59.999,0
2023-06-11 13:59:59.999,0
2023-06-11 19:59:59.999,1
2023-06-12 06:14:59.999,-1
2023-06-12 12:59:59.999,0
2023-06-12 16:29:59.999,0
2023-06-12 19:44:59.999,0
2023-06-12 22:59:59.999,0
2023-06-13 02:29:59.999,0
2023-06-13 05:44:59.999,0
2023-06-13 08:59:59.999,0
2023-06-13 16:29:59.999,-1
2023-06-14 00:44:59.999,0
2023-06-14 05:44:59.999,0
2023-06-14 09:44:59.999,0
2023-06-14 12:59:59.999,0
2023-06-14 16:14:59.999,0
2023-06-14 23:59:59.999,-1
2023-06-15 06:29:59.999,0
2023-06-15 09:44:59.999,0
2023-06-15 12:59:59.999,0
2023-06-15 16:14:59.999,0
2023-06-15 22:44:59.999,1
2023-06-16 06:14:59.999,0
2023-06-16 09:29:59.999,0
2023-06-16 12:44:59.999,0
2023-06-16 18:44:59.999,1
2023-06-17 02:44:59.999,0
2023-06-17 09:29:59.999,1
2023-06-17 14:59:59.999,0
2023-06-17 18:14:59.999,0
2023-06-17 21:29:59.999,0
2023-06-18 00:44:59.999,0
2023-06-18 03:59:59.999,0
2023-06-18 07:29:59.999,0
2023-06-18 10:44:59.999,0
2023-06-18 13:59:59.999,0
2023-06-18 17:14:59.999,0
2023-06-18 20:44:59.999,0
2023-06-18 23:59:59.999,-1
2023-06-19 03:14:59.999,0
2023-06-19 06:29:59.999,0
2023-06-19 09:44:59.999,0
2023-06-19 12:59:59.999,0
2023-06-19 16:14:59.999,0
2023-06-19 21:59:59.999,-1
2023-06-20 12:14:59.999,0
2023-06-20 19:29:59.999,1
2023-06-21 04:59:59.999,1
2023-06-21 16:59:59.999,1
2023-06-22 18:14:59.999,-1
2023-06-23 01:44:59.999,0
2023-06-23 04:59:59.999,0
2023-06-23 08:14:59.999,0
2023-06-23 18:44:59.999,1
2023-06-24 06:14:59.999,0
2023-06-24 09:44:59.999,0
2023-06-24 12:59:59.999,0
2023-06-24 16:14:59.999,0
2023-06-24 19:29:59.999,0
2023-06-24 22:44:59.999,0
2023-06-25 02:29:59.999,0
2023-06-25 15:44:59.999,0
2023-06-25 18:59:59.999,0
2023-06-25 22:14:59.999,0
2023-06-26 04:44:59.999,-1
2023-06-26 10:29:59.999,0
2023-06-27 00:44:59.999,0
2023-06-27 05:29:59.999,0
2023-06-27 08:44:59.999,0
2023-06-27 13:59:59.999,1
2023-06-28 00:29:59.999,0
2023-06-28 03:44:59.999,0
2023-06-28 10:59:59.999,0
2023-06-29 04:44:59.999,0
2023-06-29 10:59:59.999,1
2023-06-30 05:59:59.999,1
2023-06-30 17:29:59.999,-1
2023-07-01 03:14:59.999,0
2023-07-01 06:29:59.999,0
2023-07-01 09:44:59.999,0
2023-07-01 12:59:59.999,0
2023-07-01 16:14:59.999,0
2023-07-01 19:29:59.999,0
2023-07-01 22:44:59.999,0
2023-07-02 01:59:59.999,0
2023-07-02 05:14:59.999,0
2023-07-02 08:29:59.999,0
2023-07-02 11:44:59.999,0
2023-07-02 14:59:59.999,0
2023-07-02 18:14:59.999,0
2023-07-02 21:29:59.999,0
2023-07-03 00:44:59.999,0
2023-07-03 04:59:59.999,0
2023-07-03 08:14:59.999,0
2023-07-03 11:29:59.999,0
2023-07-03 18:29:59.999,1
2023-07-04 04:44:59.999,0
2023-07-04 11:14:59.999,0
2023-07-04 14:29:59.999,0
2023-07-04 17:44:59.999,0
2023-07-04 23:44:59.999,0
2023-07-05 02:59:59.999,0
2023-07-05 06:14:59.999,0
2023-07-05 09:29:59.999,0
2023-07-05 14:29:59.999,-1
2023-07-05 19:14:59.999,0
2023-07-05 22:29:59.999,0
2023-07-06 01:44:59.999,0
2023-07-06 04:59:59.999,0
2023-07-06 12:29:59.999,1
2023-07-06 15:29:59.999,-1
2023-07-07 05:29:59.999,0
2023-07-07 08:44:59.999,0
2023-07-07 11:59:59.999,0
2023-07-07 19:14:59.999,0
2023-07-07 22:29:59.999,0
2023-07-08 01:44:59.999,0
2023-07-08 04:59:59.999,0
2023-07-08 08:14:59.999,0
2023-07-08 11:29:59.999,0
2023-07-08 14:44:59.999,0
2023-07-08 17:59:59.999,0
2023-07-08 21:14:59.999,0
2023-07-09 00:29:59.999,0
2023-07-09 03:59:59.999,0
2023-07-09 07:14:59.999,0
2023-07-09 10:29:59.999,0
2023-07-09 13:44:59.999,0
2023-07-09 16:59:59.999,0
2023-07-09 20:14:59.999,0
2023-07-09 23:29:59.999,0
2023-07-10 02:59:59.999,0
2023-07-10 06:14:59.999,0
2023-07-10 09:29:59.999,0
2023-07-10 12:44:59.999,0
2023-07-10 15:59:59.999,0
2023-07-10 22:14:59.999,1
2023-07-11 01:44:59.999,-1
2023-07-11 07:14:59.999,0
2023-07-11 10:29:59.999,0
2023-07-11 14:29:59.999,0
2023-07-11 17:59:59.999,0
2023-07-11 21:14:59.999,0
2023-07-12 00:29:59.999,0
2023-07-12 03:44:59.999,0
2023-07-12 06:59:59.999,0
2023-07-12 10:14:59.999,0
2023-07-13 00:29:59.999,0
2023-07-13 03:44:59.999,0
2023-07-13 06:59:59.999,0
2023-07-13 10:14:59.999,0
2023-07-13 19:14:59.999,1
2023-07-13 22:59:59.999,1
2023-07-14 06:29:59.999,0
2023-07-14 12:59:59.999,0
2023-07-14 16:14:59.999,0
2023-07-14 20:59:59.999,-1
2023-07-15 03:59:59.999,0
2023-07-15 07:14:59.999,0
2023-07-15 10:29:59.999,0
2023-07-15 13:44:59.999,0
2023-07-15 16:59:59.999,0
2023-07-15 20:14:59.999,0
2023-07-15 23:29:59.999,0
2023-07-16 11:59:59.999,0
2023-07-16 15:14:59.999,0
2023-07-16 18:29:59.999,0
2023-07-16 21:44:59.999,0
2023-07-17 00:59:59.999,0
2023-07-17 04:14:59.999,0
2023-07-17 07:29:59.999,0
2023-07-17 10:44:59.999,0
2023-07-17 14:14:59.999,0
2023-07-17 17:29:59.999,0
2023-07-18 06:59:59.999,0
2023-07-18 10:14:59.999,0
2023-07-18 13:29:59.999,0
2023-07-18 16:44:59.999,0
2023-07-18 19:59:59.999,0
2023-07-18 23:14:59.999,0
2023-07-19 07:29:59.999,0
2023-07-19 10:44:59.999,0
2023-07-19 13:59:59.999,0
2023-07-19 17:14:59.999,0
2023-07-19 20:29:59.999,0
2023-07-19 23:44:59.999,0
2023-07-20 02:59:59.999,0
2023-07-20 08:59:59.999,1
2023-07-20 17:59:59.999,-1
2023-07-20 23:59:59.999,0
2023-07-21 03:29:59.999,0
2023-07-21 06:44:59.999,0
2023-07-21 09:59:59.999,0
2023-07-21 13:14:59.999,0
2023-07-21 16:29:59.999,0
2023-07-22 04:29:59.999,0
2023-07-22 07:44:59.999,0
2023-07-22 10:59:59.999,0
2023-07-22 14:14:59.999,0
2023-07-22 17:29:59.999,0
2023-07-22 20:44:59.999,0
2023-07-22 23:59:59.999,0
2023-07-23 03:14:59.999,0
2023-07-23 06:29:59.999,0
2023-07-23 09:44:59.999,0
2023-07-23 12:59:59.999,0
2023-07-23 16:14:59.999,0
2023-07-23 21:44:59.999,1
2023-07-24 00:59:59.999,0
2023-07-24 13:44:59.999,-1
2023-07-24 19:14:59.999,0
2023-07-24 22:29:59.999,0
2023-07-25 01:44:59.999,0
2023-07-25 04:59:59.999,0
2023-07-25 08:14:59.999,0
2023-07-25 11:29:59.999,0
2023-07-25 17:14:59.999,1
2023-07-25 22:59:59.999,0
2023-07-26 02:14:59.999,0
2023-07-26 05:29:59.999,0
2023-07-26 08:44:59.999,0
2023-07-26 11:59:59.999,0
2023-07-26 15:14:59.999,0
2023-07-26 18:29:59.999,0
2023-07-27 00:14:59.999,0
2023-07-27 04:14:59.999,0
2023-07-27 07:29:59.999,0
2023-07-27 10:44:59.999,0
2023-07-27 13:59:59.999,0
2023-07-27 17:14:59.999,0
2023-07-27 22:29:59.999,0
2023-07-28 01:44:59.999,0
2023-07-28 04:59:59.999,0
2023-07-28 08:14:59.999,0
2023-07-28 11:29:59.999,0
2023-07-28 17:44:59.999,1
2023-07-28 21:14:59.999,0
2023-07-29 00:29:59.999,0
2023-07-29 03:44:59.999,0
2023-07-29 06:59:59.999,0
2023-07-29 10:14:59.999,0
2023-07-29 13:29:59.999,0
2023-07-29 16:44:59.999,0
2023-07-29 19:59:59.999,0
2023-07-29 23:14:59.999,0
2023-07-30 02:29:59.999,0
2023-07-30 05:44:59.999,0
2023-07-30 08:59:59.999,0
2023-07-30 12:14:59.999,0
2023-07-30 15:29:59.999,0
2023-07-30 18:44:59.999,0
2023-07-30 23:44:59.999,-1
2023-07-31 02:59:59.999,1
2023-07-31 09:59:59.999,0
2023-07-31 13:14:59.999,0
2023-07-31 16:29:59.999,0
2023-07-31 20:59:59.999,0
2023-08-01 00:14:59.999,0
2023-08-01 05:14:59.999,-1
2023-08-01 11:29:59.999,0
2023-08-01 14:44:59.999,0
2023-08-01 19:29:59.999,1
2023-08-02 02:44:59.999,1
2023-08-02 11:59:59.999,0
2023-08-02 20:44:59.999,-1
2023-08-03 02:14:59.999,0
2023-08-03 05:29:59.999,0
2023-08-03 08:44:59.999,0
2023-08-03 11:59:59.999,0
2023-08-03 15:14:59.999,0
2023-08-03 19:14:59.999,0
2023-08-03 22:29:59.999,0
2023-08-04 01:44:59.999,0
2023-08-04 04:59:59.999,0
2023-08-04 08:14:59.999,0
2023-08-04 11:29:59.999,0
2023-08-04 14:44:59.999,0
2023-08-04 17:59:59.999,0
2023-08-04 21:14:59.999,-1
2023-08-05 00:29:59.999,0
2023-08-05 03:44:59.999,0
2023-08-05 06:59:59.999,0
2023-08-05 10:14:59.999,0
2023-08-05 13:29:59.999,0
2023-08-05 16:44:59.999,0
2023-08-05 19:59:59.999,0
2023-08-05 23:14:59.999,0
2023-08-06 02:29:59.999,0
2023-08-06 05:44:59.999,0
2023-08-06 08:59:59.999,0
2023-08-06 12:14:59.999,0
2023-08-06 15:29:59.999,0
2023-08-06 18:44:59.999,0
2023-08-06 21:59:59.999,0
2023-08-07 01:14:59.999,0
2023-08-07 04:29:59.999,0
2023-08-07 07:44:59.999,0
2023-08-07 10:59:59.999,0
2023-08-07 14:14:59.999,0
2023-08-07 19:14:59.999,-1
2023-08-08 01:29:59.999,0
2023-08-08 04:44:59.999,0
2023-08-08 07:59:59.999,0
2023-08-08 14:14:59.999,1
2023-08-08 14:14:59.999,1
2023-08-08 18:14:59.999,1
2023-08-09 18:44:59.999,-1
2023-08-11 00:14:59.999,0
2023-08-11 03:29:59.999,0
2023-08-11 06:44:59.999,0
2023-08-11 09:59:59.999,0
2023-08-11 13:14:59.999,0
2023-08-12 02:59:59.999,0
2023-08-12 06:14:59.999,0
2023-08-12 09:29:59.999,0
2023-08-12 12:44:59.999,0
2023-08-12 15:59:59.999,0
2023-08-12 19:14:59.999,0
2023-08-12 22:29:59.999,0
2023-08-13 01:44:59.999,0
2023-08-13 04:59:59.999,0
2023-08-13 08:14:59.999,0
2023-08-13 11:29:59.999,0
2023-08-13 14:44:59.999,0
2023-08-13 17:59:59.999,0
2023-08-13 21:14:59.999,0
2023-08-14 11:59:59.999,0
2023-08-14 17:59:59.999,1
2023-08-15 04:14:59.999,0
2023-08-15 07:29:59.999,0
2023-08-15 10:44:59.999,0
2023-08-15 13:59:59.999,0
2023-08-15 17:14:59.999,0
2023-08-16 04:29:59.999,0
2023-08-16 07:44:59.999,0
2023-08-16 10:59:59.999,0
2023-08-17 00:14:59.999,-1
2023-08-17 04:29:59.999,-1
2023-08-17 18:59:59.999,-1
2023-08-18 01:29:59.999,-1
2023-08-20 10:29:59.999,0
2023-08-20 13:44:59.999,0
2023-08-20 16:59:59.999,0
2023-08-22 06:59:59.999,0
2023-08-22 10:14:59.999,0
2023-08-23 17:44:59.999,1
2023-08-26 03:44:59.999,0
2023-08-26 06:59:59.999,0
2023-08-26 10:14:59.999,0
2023-08-26 13:29:59.999,0
2023-08-26 16:44:59.999,0
2023-08-26 19:59:59.999,0
2023-08-26 23:14:59.999,0
2023-08-27 02:29:59.999,0
2023-08-27 05:44:59.999,0
2023-08-27 08:59:59.999,0
2023-08-27 12:14:59.999,0
2023-08-28 03:14:59.999,0
2023-08-29 08:59:59.999,0
2023-08-29 12:14:59.999,0
2023-08-29 17:59:59.999,1
2023-08-31 05:29:59.999,0
2023-08-31 08:44:59.999,0
2023-08-31 14:59:59.999,1
2023-08-31 19:14:59.999,-1
2023-09-02 08:14:59.999,0
2023-09-02 11:29:59.999,0
2023-09-03 01:44:59.999,0
2023-09-03 04:59:59.999,0
2023-09-03 08:14:59.999,0
2023-09-03 11:29:59.999,0
2023-09-03 21:44:59.999,1
2023-09-04 12:29:59.999,0
2023-09-06 02:14:59.999,0
2023-09-06 05:29:59.999,0
2023-09-06 20:59:59.999,1
2023-09-07 05:59:59.999,0
2023-09-07 09:14:59.999,0
2023-09-07 17:29:59.999,1
2023-09-08 00:44:59.999,1
2023-09-08 12:59:59.999,-1
2023-09-09 01:59:59.999,0
2023-09-09 05:14:59.999,0
2023-09-09 08:29:59.999,0
2023-09-09 11:44:59.999,0
2023-09-09 14:59:59.999,0
2023-09-09 18:14:59.999,0
2023-09-09 21:29:59.999,0
2023-09-10 00:44:59.999,0
2023-09-10 13:44:59.999,0
2023-09-10 23:29:59.999,1
2023-09-11 17:44:59.999,-1
2023-09-12 06:59:59.999,1
2023-09-16 02:29:59.999,1
2023-09-17 10:14:59.999,0
2023-09-17 13:29:59.999,0
2023-09-17 16:44:59.999,0
2023-09-17 20:44:59.999,0
2023-09-17 23:59:59.999,0
2023-09-18 06:14:59.999,1
2023-09-19 11:59:59.999,1
2023-09-22 17:29:59.999,0
2023-09-22 20:44:59.999,0
2023-09-22 23:59:59.999,0
2023-09-23 03:14:59.999,0
2023-09-23 06:29:59.999,0
2023-09-23 09:44:59.999,0
2023-09-23 12:59:59.999,0
2023-09-23 16:14:59.999,0
2023-09-23 19:29:59.999,0
2023-09-23 22:44:59.999,0
2023-09-24 01:59:59.999,0
2023-09-24 05:14:59.999,0
2023-09-24 08:29:59.999,0
2023-09-24 11:44:59.999,0
2023-09-24 14:59:59.999,0
2023-09-27 13:14:59.999,1
2023-09-28 18:14:59.999,1
2023-09-30 03:59:59.999,0
2023-09-30 07:14:59.999,0
2023-09-30 10:29:59.999,0
2023-09-30 13:44:59.999,0
2023-09-30 16:59:59.999,0
2023-09-30 20:14:59.999,0
2023-10-01 06:59:59.999,0
2023-10-01 11:14:59.999,0
2023-10-02 01:59:59.999,1
2023-10-03 01:29:59.999,-1
2023-10-05 16:59:59.999,1
2023-10-06 04:59:59.999,0
2023-10-06 16:29:59.999,-1
2023-10-07 17:59:59.999,0
2023-10-11 06:14:59.999,-1
2023-10-11 19:14:59.999,-1
2023-10-13 04:29:59.999,0
2023-10-14 00:44:59.999,1
2023-10-14 08:14:59.999,0
2023-10-14 11:29:59.999,0
2023-10-14 14:44:59.999,0
2023-10-14 17:59:59.999,0
2023-10-15 06:44:59.999,0
2023-10-15 09:59:59.999,0
2023-10-15 13:14:59.999,0
2023-10-15 16:29:59.999,0
2023-10-16 00:29:59.999,1
2023-10-16 09:14:59.999,1
2023-10-16 17:14:59.999,1
2023-10-18 08:44:59.999,1
2023-10-18 13:44:59.999,-1
2023-10-19 05:29:59.999,-1
2023-10-20 06:14:59.999,1
2023-10-20 11:59:59.999,1
2023-10-23 02:29:59.999,1
2023-10-24 01:59:59.999,1
2023-10-27 19:44:59.999,-1
2023-11-01 07:59:59.999,0
2023-11-01 11:14:59.999,0
2023-11-01 16:44:59.999,1
2023-11-01 23:59:59.999,1
2023-11-05 01:14:59.999,1
2023-11-07 21:59:59.999,1
2023-11-09 17:44:59.999,1
2023-11-10 14:44:59.999,1
2023-11-14 18:59:59.999,-1
2023-11-14 21:44:59.999,-1
2023-11-15 14:59:59.999,1
2023-11-15 21:44:59.999,1
2023-11-17 20:59:59.999,1
